fecha,cierre_martes,fuente_precio,open_interest,noncomm_long,noncomm_short,noncomm_spreads,comm_long,comm_short,nonrep_long,nonrep_short,mm_long,mm_short,mm_spreads,swap_long,swap_short,swap_spreads,prod_long,prod_short,other_long,other_short,other_spreads,conc_4_long,conc_4_short,conc_8_long,conc_8_short,traders_total,traders_noncomm_long,traders_noncomm_short
1986-01-15,346.75,spot,148186,18589,7706,12038,80962,89990,36597,38452,,,,,,,,,,,,18.2,12.1,24.4,16.5,110,33,21
1986-01-31,350.5,spot,144149,15364,9303,10088,82262,85250,36435,39508,,,,,,,,,,,,21.6,14.2,27.2,18.9,99,24,22
1986-02-14,331.35,spot,139995,5457,12229,10330,94830,76735,29378,40701,,,,,,,,,,,,28.7,13.3,32.6,18.1,91,15,23
1986-02-28,338.15,spot,143752,7991,12222,13205,94126,76200,28430,42125,,,,,,,,,,,,26.9,12.3,30.5,15.8,97,18,28
1986-03-14,348.0,spot,142868,12637,11015,11390,85925,78653,32916,41810,,,,,,,,,,,,25.8,13.7,29.9,18.9,100,28,23
1986-03-31,344.0,spot,136568,9817,11406,6002,88897,67171,31852,51989,,,,,,,,,,,,29.6,13.2,35.2,16.8,80,14,23
1986-04-15,341.75,spot,138825,6805,20416,3121,99640,67997,29259,47291,,,,,,,,,,,,34.3,14.0,40.3,20.5,85,9,28
1986-04-30,345.75,spot,132088,8159,10519,3987,88769,72810,31173,44772,,,,,,,,,,,,32.9,18.2,37.7,22.5,88,16,25
1986-05-15,342.0,spot,132147,4649,10375,7467,94944,71660,25087,42645,,,,,,,,,,,,33.3,13.8,38.6,18.0,80,8,24
1986-05-30,343.2,spot,115038,4982,13683,5535,78662,56902,25859,38918,,,,,,,,,,,,34.0,14.8,38.7,19.0,78,9,26
1986-06-13,346.2,spot,115960,11657,10839,5447,69558,66942,29298,32732,,,,,,,,,,,,30.4,16.1,35.0,20.3,90,22,18
1986-06-30,346.75,spot,120954,5361,13631,5988,88561,62551,21044,38784,,,,,,,,,,,,37.7,13.9,42.6,17.9,82,10,23
1986-07-15,346.0,spot,121925,6735,11983,5771,86078,67675,23341,36496,,,,,,,,,,,,32.7,14.3,37.1,18.0,83,14,20
1986-07-31,357.5,spot,125988,18617,9540,6294,69897,71940,31180,38214,,,,,,,,,,,,21.7,14.6,28.2,18.9,90,25,16
1986-08-15,385.1,spot,134903,23234,10589,7013,67333,82453,37323,34848,,,,,,,,,,,,19.6,15.6,25.1,20.1,94,29,17
1986-08-29,384.7,spot,136959,23229,10291,7561,69541,84510,36628,34597,,,,,,,,,,,,21.5,15.0,27.4,19.7,99,29,21
1986-09-15,413.0,spot,149809,24807,10423,12560,69388,95797,43054,31029,,,,,,,,,,,,17.6,15.8,23.8,22.4,99,30,19
1986-09-30,423.2,spot,136574,22421,7840,11149,57513,85239,45491,32346,,,,,,,,,,,,19.1,17.7,24.2,23.8,100,29,21
1986-10-15,422.0,spot,147411,21274,10239,9744,70584,89512,45809,37916,,,,,,,,,,,,16.5,14.6,21.5,19.6,99,28,23
1986-10-31,401.0,spot,146778,12673,9373,8897,79221,90456,45987,38052,,,,,,,,,,,,20.1,14.1,23.3,20.2,93,25,17
1986-11-14,408.25,spot,150800,15816,11905,6141,86136,94132,42707,38622,,,,,,,,,,,,18.6,13.7,22.9,19.5,97,30,20
1986-11-28,389.5,spot,131679,10148,8849,5360,79143,81278,37028,36192,,,,,,,,,,,,20.1,14.9,23.2,20.1,71,18,14
1986-12-15,394.3,spot,134005,13089,11027,6366,76757,80007,37793,36605,,,,,,,,,,,,22.0,14.0,25.2,19.2,82,21,19
1986-12-31,388.75,spot,140744,9405,8347,8187,81948,86647,41204,37563,,,,,,,,,,,,23.9,14.6,26.5,20.3,70,15,18
1987-01-15,416.25,spot,139318,14063,8147,6306,68344,87902,50605,36963,,,,,,,,,,,,17.7,15.8,21.5,21.5,77,22,16
1987-01-30,400.5,spot,130078,13453,9022,7277,62992,78194,46356,35585,,,,,,,,,,,,14.7,15.6,17.6,21.1,84,24,19
1987-02-13,397.35,spot,138130,7705,14024,6614,81749,77255,42062,40237,,,,,,,,,,,,17.7,12.4,21.2,16.9,92,20,28
1987-02-27,405.85,spot,140016,7349,12273,6910,81851,85616,43906,35217,,,,,,,,,,,,17.3,13.3,20.1,19.3,84,15,26
1987-03-13,408.5,spot,145109,10654,10265,7238,79189,87238,48028,40368,,,,,,,,,,,,14.3,13.0,17.8,17.5,88,25,23
1987-03-31,421.0,spot,156832,18464,10076,8573,74906,104113,54889,34070,,,,,,,,,,,,11.4,12.4,15.9,19.9,86,26,20
1987-04-15,444.1,spot,171395,27260,9006,9615,67566,111648,66954,41126,,,,,,,,,,,,10.0,12.2,14.0,20.1,116,49,22
1987-04-30,453.25,spot,175437,24684,12933,9593,64600,104305,76560,48606,,,,,,,,,,,,7.9,11.6,11.2,17.7,114,42,28
1987-05-15,469.9,spot,170819,32997,6294,11069,55854,126196,70899,27260,,,,,,,,,,,,8.7,21.2,12.9,30.9,107,43,18
1987-05-29,451.0,spot,150964,24267,8705,12531,56420,86818,57746,42910,,,,,,,,,,,,9.9,12.5,13.0,18.3,104,39,23
1987-06-15,449.75,spot,149219,20380,11899,14787,57458,83188,56594,39345,,,,,,,,,,,,12.4,13.8,15.6,19.2,107,35,27
1987-06-30,447.3,spot,146960,15476,11621,16824,63817,78120,50843,40395,,,,,,,,,,,,14.1,13.4,18.6,18.3,93,26,22
1987-07-15,452.7,spot,146076,16101,7483,14324,60840,85807,54811,38462,,,,,,,,,,,,12.2,13.9,15.3,19.0,91,29,14
1987-07-31,462.5,spot,150523,23945,6857,12929,60306,102966,53343,27771,,,,,,,,,,,,9.3,13.4,12.6,19.9,106,39,15
1987-08-14,460.0,spot,150693,18612,10402,13257,63626,95033,55198,32001,,,,,,,,,,,,11.8,12.0,14.6,17.3,101,33,18
1987-08-31,453.4,spot,148815,16503,15979,13017,69761,86279,49534,33540,,,,,,,,,,,,15.8,11.6,19.4,17.4,101,31,21
1987-09-15,458.8,spot,146895,16196,12249,12591,70143,93238,47965,28817,,,,,,,,,,,,15.9,12.1,18.7,18.9,96,32,15
1987-09-30,459.5,spot,142634,17083,9981,12216,64861,86977,48474,33460,,,,,,,,,,,,16.0,12.0,19.5,17.9,104,36,19
1987-10-15,466.6,spot,143498,19848,7101,13894,61354,91228,48402,31275,,,,,,,,,,,,16.7,13.6,20.1,20.7,102,36,17
1987-10-30,468.8,spot,133422,15243,9416,14070,65767,80209,38342,29727,,,,,,,,,,,,17.7,13.8,21.2,20.6,98,28,24
1987-11-13,464.95,spot,132803,10867,9427,13482,77616,76183,30838,33711,,,,,,,,,,,,24.2,13.9,28.8,21.7,89,24,20
1987-11-30,492.5,spot,152206,24270,8453,15330,72663,92561,39943,35862,,,,,,,,,,,,21.1,12.7,26.8,19.9,95,34,14
1987-12-15,492.5,spot,158831,20912,9291,16825,81462,96123,39632,36592,,,,,,,,,,,,25.0,15.6,29.2,23.2,103,33,20
1987-12-31,484.1,spot,150106,14523,9354,15990,85947,89586,33646,35176,,,,,,,,,,,,25.4,13.9,30.2,20.7,94,27,18
1988-01-15,480.3,spot,146350,13275,9794,13696,82475,80747,36904,42113,,,,,,,,,,,,25.9,13.0,30.2,19.5,96,29,21
1988-01-29,458.0,spot,146192,9803,19037,12773,93908,69580,29708,44802,,,,,,,,,,,,29.8,11.9,34.2,17.5,101,22,32
1988-02-12,443.6,spot,150569,3759,26630,9589,106136,69098,31085,45252,,,,,,,,,,,,34.5,11.3,40.9,17.5,106,14,43
1988-02-29,426.15,spot,158223,4067,29807,8455,90624,74906,55077,45055,,,,,,,,,,,,22.3,14.3,27.7,20.6,103,14,39
1988-03-15,442.2,spot,161792,6054,23501,11205,92072,82814,52461,44272,,,,,,,,,,,,21.2,14.4,27.1,20.8,96,13,34
1988-03-31,456.95,spot,148310,5401,24023,8840,79820,75633,54249,39814,,,,,,,,,,,,21.6,14.8,26.6,22.7,87,15,32
1988-04-15,456.3,spot,156961,5491,24441,11750,87218,82172,52502,38598,,,,,,,,,,,,21.4,14.5,24.8,21.2,94,14,34
1988-04-29,449.0,spot,154184,2580,19679,10338,117459,84352,23807,39815,,,,,,,,,,,,35.9,13.6,42.3,18.6,95,10,36
1988-05-13,449.5,spot,153681,4835,13402,11580,113514,86621,23752,42078,,,,,,,,,,,,36.6,14.7,43.6,20.5,89,13,28
1988-05-31,455.5,spot,146461,8320,11067,12734,89780,82730,35627,39930,,,,,,,,,,,,24.9,15.1,32.1,20.1,86,21,23
1988-06-15,452.0,spot,142022,7185,10455,10821,86033,79009,37983,41737,,,,,,,,,,,,28.4,15.6,33.3,21.0,89,23,24
1988-06-30,436.55,spot,151645,4658,23026,12595,101902,71375,32490,44649,,,,,,,,,,,,34.1,12.7,39.8,20.4,94,16,35
1988-07-15,439.1,spot,149809,8779,22871,11364,96018,71106,33648,44468,,,,,,,,,,,,31.5,13.2,38.6,20.9,90,17,35
1988-07-29,436.8,spot,139382,3850,18769,8836,99489,68930,27207,42847,,,,,,,,,,,,36.2,12.6,43.5,20.0,84,17,28
1988-08-15,430.25,spot,139252,4761,18548,9307,96217,72158,28967,39239,,,,,,,,,,,,37.3,14.0,42.9,22.0,84,14,31
1988-08-31,427.75,spot,142631,4905,18415,10100,100622,76063,27004,38053,,,,,,,,,,,,37.1,16.3,42.0,23.7,87,14,31
1988-09-15,418.85,spot,155243,3567,27502,9545,109460,66481,32671,51715,,,,,,,,,,,,36.4,13.1,42.5,19.8,94,15,39
1988-09-30,396.7,spot,156546,4427,33064,7433,113359,73347,31327,42702,,,,,,,,,,,,38.1,15.4,42.8,22.6,108,15,48
1988-10-14,407.6,spot,159467,4517,33787,10310,113352,76238,31288,39132,,,,,,,,,,,,37.1,15.2,41.1,22.2,113,17,47
1988-10-31,412.4,spot,160894,4381,31358,10369,118197,79984,27947,39183,,,,,,,,,,,,35.0,16.2,42.9,23.1,103,12,42
1988-11-15,424.0,spot,148897,8125,15896,10630,101825,84867,28317,37504,,,,,,,,,,,,33.3,17.2,39.2,22.6,87,25,20
1988-11-30,422.6,spot,148286,5517,17263,7577,106343,82705,28849,40741,,,,,,,,,,,,35.2,16.6,40.6,21.7,82,15,25
1988-12-15,418.45,spot,145811,5445,17648,9398,107723,79027,23245,39738,,,,,,,,,,,,36.3,16.6,43.0,22.1,91,14,28
1988-12-30,410.25,spot,152731,6837,21800,11368,112108,78299,22418,41264,,,,,,,,,,,,35.6,14.9,43.3,20.0,106,14,39
1989-01-13,405.55,spot,163937,5233,29394,13293,118240,73501,27171,47749,,,,,,,,,,,,38.8,13.8,46.2,19.1,111,13,48
1989-01-31,394.0,spot,170221,5009,37911,17904,125090,67239,22218,47167,,,,,,,,,,,,37.0,12.4,47.8,18.5,110,9,49
1989-02-15,381.0,spot,168943,5828,32830,17013,120632,75634,25470,43466,,,,,,,,,,,,38.0,17.4,46.6,23.2,115,14,47
1989-02-28,387.0,spot,165774,4394,32432,16041,116638,72416,28701,44885,,,,,,,,,,,,35.4,15.7,43.9,21.4,111,13,45
1989-03-15,392.9,spot,165615,6347,25675,16103,108780,81707,34385,42130,,,,,,,,,,,,32.7,17.3,39.6,23.2,105,19,37
1989-03-31,383.2,spot,163649,3422,33947,15505,120884,71844,23838,42353,,,,,,,,,,,,39.4,15.5,47.3,22.1,109,12,46
1989-04-14,386.2,spot,158340,6079,29001,15817,106915,69206,29529,44316,,,,,,,,,,,,39.0,16.7,47.1,23.1,107,16,41
1989-04-28,377.55,spot,168488,2448,32920,18276,121679,70134,26085,47158,,,,,,,,,,,,39.1,15.3,47.8,22.3,103,8,42
1989-05-15,373.8,spot,188114,6010,30245,16420,136797,87394,28887,54055,,,,,,,,,,,,34.2,14.0,43.4,19.1,108,10,43
1989-05-31,361.8,spot,179513,3414,28885,13509,139249,86952,23341,50167,,,,,,,,,,,,35.3,13.7,42.8,19.0,95,7,36
1989-06-15,361.5,spot,163699,5891,24023,13325,121475,85527,23008,40824,,,,,,,,,,,,35.1,15.0,42.4,20.0,98,15,30
1989-06-30,373.0,spot,157858,8381,21462,12453,111938,86700,25086,37243,,,,,,,,,,,,33.7,16.8,40.9,22.3,96,18,25
1989-07-14,370.8,spot,154241,7662,19453,13567,105367,81687,27645,39534,,,,,,,,,,,,29.5,15.4,36.0,21.1,97,19,25
1989-07-31,368.3,spot,148279,3696,18587,13920,107310,71153,23353,44619,,,,,,,,,,,,33.3,13.7,40.1,18.4,87,8,30
1989-08-15,366.1,spot,147488,6197,20394,14160,104463,75201,22668,37733,,,,,,,,,,,,33.9,14.5,41.8,19.6,89,9,34
1989-08-31,359.8,spot,156595,3477,28851,14262,117348,71879,21508,41603,,,,,,,,,,,,34.4,13.7,40.6,18.9,95,6,39
1989-09-15,355.75,spot,154493,10113,23924,13170,104836,73183,26374,44216,,,,,,,,,,,,30.1,12.6,38.4,18.1,91,8,31
1989-09-29,366.5,spot,147468,5134,16802,13553,97489,82389,31292,34724,,,,,,,,,,,,27.5,13.6,32.7,20.7,91,13,21
1989-10-13,363.2,spot,143681,3906,20467,13857,103066,75001,22852,34356,,,,,,,,,,,,30.5,12.0,36.0,18.2,86,7,26
1989-10-31,375.3,spot,151142,15567,12768,14529,84825,90281,36221,33564,,,,,,,,,,,,14.2,10.9,19.1,18.1,107,36,15
1989-11-15,391.4,spot,153379,22440,9204,13667,71252,95573,46020,34935,,,,,,,,,,,,11.7,16.9,15.4,23.1,102,39,12
1989-11-30,408.15,spot,147759,28985,11049,13907,58418,89124,46449,33679,,,,,,,,,,,,12.3,16.0,16.9,24.3,116,47,21
1989-12-15,412.75,spot,156019,30438,8513,14939,62011,97361,48631,35206,,,,,,,,,,,,12.7,20.2,17.8,27.5,117,45,20
1989-12-29,398.6,spot,150931,22982,8581,15233,74736,91444,37980,35673,,,,,,,,,,,,16.7,18.6,22.6,24.1,108,32,22
1990-01-15,415.6,spot,149393,21782,5238,15746,65795,93951,46070,34458,,,,,,,,,,,,14.7,19.3,20.8,24.8,101,29,15
1990-01-31,415.05,spot,131994,13694,7321,16174,58218,76338,43908,32161,,,,,,,,,,,,15.3,16.3,19.7,23.6,91,27,11
1990-02-15,416.65,spot,130564,20315,5565,12665,53767,76179,43817,36155,,,,,,,,,,,,13.2,16.3,18.5,22.9,104,35,13
1990-02-28,407.7,spot,121920,11965,8989,12390,57161,63372,40404,37169,,,,,,,,,,,,14.8,13.7,19.9,18.1,96,25,21
1990-03-15,399.5,spot,132871,13967,18303,11472,65716,66537,41716,36559,,,,,,,,,,,,17.9,13.7,23.4,18.8,103,25,35
1990-03-30,368.5,spot,116812,9414,21463,9224,66504,50523,31670,35602,,,,,,,,,,,,23.1,13.1,29.5,17.4,102,22,35
1990-04-12,375.5,spot,118177,7110,21181,8860,73591,56269,28616,31867,,,,,,,,,,,,26.5,14.0,33.2,19.0,99,18,36
1990-04-30,367.75,spot,123601,6364,20632,7917,80985,59142,28335,35910,,,,,,,,,,,,29.7,12.4,35.9,17.6,99,15,33
1990-05-15,367.75,spot,118492,5297,19403,7834,75378,52444,29983,38811,,,,,,,,,,,,29.2,13.0,36.0,18.1,91,14,32
1990-05-31,363.05,spot,104625,5233,18710,7787,63869,44851,27736,33277,,,,,,,,,,,,22.1,13.9,30.7,18.5,91,11,33
1990-06-15,346.9,spot,117247,4110,26452,7378,80735,46810,25024,36607,,,,,,,,,,,,33.1,15.7,42.1,20.7,98,9,44
1990-06-29,352.2,spot,112142,4316,20190,7250,73148,50545,27428,34157,,,,,,,,,,,,26.3,14.9,35.3,19.5,94,9,35
1990-07-13,363.6,spot,107275,5878,15214,8213,64335,52652,28849,31196,,,,,,,,,,,,18.6,16.8,27.7,22.1,87,12,25
1990-07-31,372.3,spot,98923,8016,5875,8805,50139,56633,31963,27610,,,,,,,,,,,,11.4,17.4,18.5,21.6,81,21,12
1990-08-15,398.4,spot,125895,23830,7522,9581,43347,75837,49137,32955,,,,,,,,,,,,11.9,18.7,16.4,25.6,96,30,15
1990-08-31,387.75,spot,123147,20892,10597,9128,50615,74660,42512,28762,,,,,,,,,,,,11.7,17.7,16.8,25.6,96,25,19
1990-09-14,386.2,spot,113077,13775,7718,9579,55320,66701,34403,29079,,,,,,,,,,,,13.0,16.7,19.2,22.5,89,19,18
1990-09-28,408.4,spot,116620,24684,3187,8603,42594,81102,40739,23728,,,,,,,,,,,,9.9,27.0,14.5,35.8,94,34,7
1990-10-15,380.7,spot,116656,17794,9063,9502,56851,63409,32509,34682,,,,,,,,,,,,12.1,18.1,19.4,23.6,92,22,20
1990-10-31,379.5,spot,114534,10974,9392,11086,61123,60718,31351,33338,,,,,,,,,,,,13.1,15.1,19.7,19.3,91,17,21
1990-11-15,378.0,spot,111194,5893,8204,8323,66635,61633,30343,33034,,,,,,,,,,,,15.7,14.6,21.3,19.6,86,16,20
1990-11-30,384.85,spot,101946,7264,6135,8618,58680,59946,27384,27247,,,,,,,,,,,,15.4,16.0,21.4,21.8,73,15,15
1990-12-14,373.2,spot,111586,4781,10532,9108,75789,60314,21908,31632,,,,,,,,,,,,19.1,9.9,25.4,14.4,76,10,19
1990-12-31,386.2,spot,107610,9228,4426,10125,60179,70360,28078,22699,,,,,,,,,,,,12.2,12.5,16.2,17.4,77,20,9
1991-01-15,398.5,spot,118173,17648,6122,7647,53902,78605,38976,25799,,,,,,,,,,,,10.2,16.8,14.4,25.2,86,30,9
1991-01-31,366.0,spot,93496,2044,14302,4645,62619,44343,24188,30206,,,,,,,,,,,,20.2,13.9,27.5,18.3,76,8,25
1991-02-15,365.5,spot,95750,2515,16880,5666,66286,42163,21283,31041,,,,,,,,,,,,24.2,15.5,32.7,19.9,81,7,31
1991-02-28,362.7,spot,98025,1612,16447,5212,68140,42842,23061,33524,,,,,,,,,,,,27.4,15.8,34.9,22.6,75,6,26
1991-03-15,366.0,spot,98708,3111,14868,5314,64098,48855,26185,29671,,,,,,,,,,,,22.9,14.0,29.3,20.9,77,9,21
1991-03-28,355.65,spot,102541,1724,21208,6191,72228,39820,22398,35322,,,,,,,,,,,,29.3,12.6,39.0,18.7,86,6,34
1991-04-15,360.1,spot,97290,4002,18163,6407,65132,43436,21749,29284,,,,,,,,,,,,26.8,14.3,37.3,22.2,77,9,27
1991-04-30,357.75,spot,108217,4300,25710,6487,76391,44499,21039,31521,,,,,,,,,,,,28.7,13.7,41.9,21.0,93,9,39
1991-05-15,359.85,spot,99903,6949,17450,5236,63768,49088,23950,28129,,,,,,,,,,,,19.9,15.2,29.0,22.2,84,18,22
1991-05-31,360.4,spot,91485,8125,17440,3149,54483,44089,25728,26807,,,,,,,,,,,,19.9,15.3,26.2,22.6,79,21,19
1991-06-14,367.75,spot,91953,19823,11956,2258,34066,52219,35806,25520,,,,,,,,,,,,13.0,21.5,21.4,28.7,85,29,15
1991-06-28,368.35,spot,87349,18540,9247,5574,34622,48041,28613,24487,,,,,,,,,,,,14.2,24.5,23.0,31.4,73,25,10
1991-07-15,367.8,spot,95164,19663,9095,6785,36268,54405,32448,24879,,,,,,,,,,,,12.0,27.7,22.2,34.1,83,26,13
1991-07-31,362.85,spot,87490,12649,15454,6959,42988,36950,24894,28127,,,,,,,,,,,,16.8,16.2,28.9,21.0,92,19,32
1991-08-15,358.35,spot,101756,12421,27321,6781,62082,33916,20472,33738,,,,,,,,,,,,25.5,15.5,36.8,21.8,106,15,42
1991-08-30,347.4,spot,107993,7227,31854,7122,73497,33794,20147,35223,,,,,,,,,,,,30.5,13.5,41.4,18.2,106,12,44
1991-09-16,345.4,spot,107449,7736,29869,8244,70495,36166,20974,33170,,,,,,,,,,,,31.0,13.7,40.1,19.4,97,10,41
1991-09-30,354.9,spot,97904,9403,20755,7224,55772,40650,25505,29275,,,,,,,,,,,,26.9,15.1,33.6,21.9,96,19,31
1991-10-15,357.55,spot,92152,11464,9834,9873,44529,48658,26286,23787,,,,,,,,,,,,23.5,12.4,28.5,21.0,87,25,19
1991-10-31,357.45,spot,100311,13595,10032,11172,47307,54327,28237,24780,,,,,,,,,,,,24.5,13.4,28.3,21.0,90,26,23
1991-11-15,355.5,spot,103034,10191,13131,11186,56116,50752,25541,27965,,,,,,,,,,,,25.6,10.3,31.2,16.7,88,16,30
1991-11-29,366.3,spot,115496,32242,4002,12829,34930,75660,35495,23005,,,,,,,,,,,,11.9,19.2,18.3,27.9,100,45,13
1991-12-13,359.05,spot,103659,16792,6313,12304,46254,61304,28309,23738,,,,,,,,,,,,14.0,14.3,18.9,21.2,85,25,19
1991-12-31,353.15,spot,114144,9018,13620,12697,70346,57166,22083,30661,,,,,,,,,,,,14.0,7.2,21.4,11.5,99,17,38
1992-01-15,355.55,spot,104052,11190,15685,8932,60556,48784,23374,30651,,,,,,,,,,,,17.7,13.2,24.7,18.2,93,20,30
1992-01-31,354.1,spot,102940,13351,12438,10418,54833,53562,24338,26522,,,,,,,,,,,,20.1,15.2,27.6,22.2,87,24,18
1992-02-14,354.1,spot,100473,13917,13429,10479,52162,50194,23915,26371,,,,,,,,,,,,22.9,16.2,31.1,24.0,83,20,22
1992-02-28,353.1,spot,102931,12912,19139,10860,55362,47033,23797,25899,,,,,,,,,,,,22.5,13.6,30.3,19.5,100,20,35
1992-03-13,347.25,spot,113645,11724,26279,10541,62242,48439,29138,28386,,,,,,,,,,,,23.4,14.6,30.4,20.5,106,20,42
1992-03-31,341.7,spot,103658,10876,23488,8247,60693,42566,23842,29357,,,,,,,,,,,,28.2,14.7,33.8,21.0,105,22,34
1992-04-15,338.95,spot,109312,4260,29372,8526,72591,42019,23935,29395,,,,,,,,,,,,26.5,12.6,32.3,18.2,107,14,43
1992-04-30,336.35,spot,113724,9025,27004,10019,68658,46656,26022,30045,,,,,,,,,,,,28.6,13.1,35.9,21.2,101,15,38
1992-05-15,339.0,spot,109747,10494,18809,8375,61619,52312,29259,30251,,,,,,,,,,,,26.5,14.5,32.0,21.3,91,20,24
1992-05-29,337.5,spot,102788,6295,22164,7629,61668,45653,27196,27342,,,,,,,,,,,,28.2,13.4,33.5,20.1,90,15,30
1992-06-15,342.7,spot,103229,16252,9864,8989,44841,60652,33147,23724,,,,,,,,,,,,17.3,13.0,21.9,20.8,101,35,15
1992-06-30,343.4,spot,91162,13062,9401,8908,36761,51484,32431,21369,,,,,,,,,,,,15.5,14.1,20.6,20.5,85,20,20
1992-07-15,350.9,spot,111763,29782,5632,10521,31806,74286,39654,21324,,,,,,,,,,,,10.2,18.0,15.2,25.5,106,42,15
1992-07-31,357.85,spot,112384,32345,6932,9586,32110,76128,38343,19738,,,,,,,,,,,,10.7,21.9,16.6,31.7,117,48,19
1992-08-14,335.7,spot,102784,6668,19887,9825,60889,44540,25402,28532,,,,,,,,,,,,25.6,11.4,31.3,17.5,101,15,35
1992-08-31,340.0,spot,99349,6194,19845,8798,60763,44304,23594,26402,,,,,,,,,,,,30.6,10.8,35.4,18.3,103,17,36
1992-09-15,345.9,spot,100717,5167,13592,9023,59957,53290,26570,24812,,,,,,,,,,,,34.9,15.8,38.4,24.3,83,14,20
1992-09-30,349.0,spot,99191,6206,8706,10547,56577,56161,25861,23777,,,,,,,,,,,,31.3,16.5,34.3,23.1,84,19,15
1992-10-06,350.3,spot,101946,6573,8550,11071,55250,59291,29052,23034,,,,,,,,,,,,28.4,16.8,30.8,23.6,88,24,15
1992-10-13,343.75,spot,101717,5552,10250,10321,63340,56536,22504,24610,,,,,,,,,,,,32.5,15.5,35.4,22.1,87,19,16
1992-10-20,343.5,spot,99420,3774,12210,9818,64490,52513,21338,24879,,,,,,,,,,,,33.1,9.8,36.1,16.0,85,15,22
1992-10-27,338.25,spot,108776,3248,18553,7615,74709,51524,23204,31084,,,,,,,,,,,,29.6,6.6,34.1,12.1,87,12,27
1992-11-03,338.6,spot,106734,3350,20778,6754,72969,49814,23661,29388,,,,,,,,,,,,28.5,7.0,32.9,12.7,91,10,31
1992-11-10,330.35,spot,116747,5307,27347,6870,76352,50427,28218,32103,,,,,,,,,,,,23.6,7.1,28.0,12.2,101,14,37
1992-11-17,334.3,spot,112935,4157,25377,7370,72936,47126,28472,33062,,,,,,,,,,,,21.4,7.4,26.7,12.2,94,10,36
1992-11-24,334.3,spot,108774,3396,23825,7217,70339,46797,27822,30935,,,,,,,,,,,,22.2,7.6,27.4,12.3,86,8,36
1992-12-01,334.65,spot,98384,2612,24775,6462,64665,39077,24645,28070,,,,,,,,,,,,23.3,9.2,28.8,14.6,83,7,36
1992-12-08,335.25,spot,96886,3555,22253,5895,59900,40700,27536,28038,,,,,,,,,,,,21.7,10.6,27.4,16.8,83,10,33
1992-12-15,334.9,spot,99913,3231,22110,6536,63847,43574,26299,27693,,,,,,,,,,,,22.8,11.1,29.3,16.2,89,10,35
1992-12-22,332.6,spot,103836,6638,21541,7375,63632,46547,26191,28373,,,,,,,,,,,,17.0,10.0,24.8,15.8,90,13,32
1992-12-29,332.5,spot,107682,5600,24445,7460,70347,47847,24275,27930,,,,,,,,,,,,20.3,11.1,28.8,17.1,94,11,37
1993-01-05,328.6,spot,113329,5051,26772,7355,76298,48961,24625,30241,,,,,,,,,,,,22.5,9.6,31.1,15.5,94,9,41
1993-01-12,329.2,spot,113657,3937,31804,6072,78498,43962,25150,31819,,,,,,,,,,,,25.0,10.9,33.3,16.5,92,8,40
1993-01-19,329.0,spot,115828,3271,31316,6670,79009,45458,26878,32384,,,,,,,,,,,,24.8,10.2,32.4,15.6,95,8,41
1993-01-26,330.9,spot,109548,3778,25046,6262,71146,46785,28362,31455,,,,,,,,,,,,24.7,11.3,31.6,17.4,92,11,36
1993-02-02,329.65,spot,104396,4374,22919,7359,69104,45450,23559,28668,,,,,,,,,,,,23.0,11.4,32.4,18.0,89,13,32
1993-02-09,328.05,spot,113003,4978,23564,6394,77411,51955,24220,31090,,,,,,,,,,,,26.6,10.9,33.7,16.9,96,14,35
1993-02-16,329.45,spot,111624,6559,17211,6920,66797,62861,31348,24632,,,,,,,,,,,,21.9,11.5,26.5,18.2,100,15,31
1993-02-23,329.6,spot,108001,6419,15221,6113,66329,58746,29140,27921,,,,,,,,,,,,21.6,10.5,27.1,16.5,89,12,24
1993-03-02,329.15,spot,109864,5831,19213,6335,71241,58300,26457,26016,,,,,,,,,,,,23.7,10.6,28.9,18.0,90,11,26
1993-03-09,326.95,spot,118364,5010,29273,5694,80433,49849,27227,33548,,,,,,,,,,,,28.4,10.2,34.7,16.8,97,11,37
1993-03-16,329.0,spot,118169,10013,25153,6099,73169,53417,28888,33500,,,,,,,,,,,,23.2,10.6,29.9,16.8,97,13,33
1993-03-23,331.9,spot,112481,16471,14010,5881,52355,64122,37774,28468,,,,,,,,,,,,17.1,12.1,22.8,18.6,97,24,19
1993-03-30,334.4,spot,127614,32032,9314,6634,45502,86772,43446,24894,,,,,,,,,,,,12.6,20.7,18.5,27.1,110,37,17
1993-04-06,338.4,spot,134202,44080,3972,6386,40345,100146,43391,23698,,,,,,,,,,,,14.5,24.1,20.5,32.9,114,49,11
1993-04-13,336.7,spot,134188,44184,3174,5975,41368,102372,42661,22667,,,,,,,,,,,,13.8,24.4,20.0,32.7,113,49,9
1993-04-20,339.9,spot,137431,43522,7029,6281,43678,101029,43950,23092,,,,,,,,,,,,13.2,23.8,19.7,31.1,119,49,13
1993-04-27,351.4,spot,156996,57655,7490,7080,49008,121077,43253,21349,,,,,,,,,,,,13.3,23.1,20.0,30.2,131,56,17
1993-05-04,356.15,spot,164403,65914,9316,8178,41121,121269,49190,25640,,,,,,,,,,,,12.3,26.1,18.6,32.4,148,66,20
1993-05-11,355.35,spot,167088,65778,11210,8110,41612,123213,51588,24555,,,,,,,,,,,,12.1,26.9,18.5,33.0,149,67,24
1993-05-18,367.8,spot,178417,73031,5758,8395,38596,137038,58395,27226,,,,,,,,,,,,11.8,29.0,20.0,37.1,144,75,12
1993-05-25,377.5,spot,174530,61808,8643,8670,41338,128913,62714,28304,,,,,,,,,,,,11.3,28.3,17.2,34.5,146,72,15
1993-06-01,377.35,spot,175145,61163,10146,10300,46439,126824,57243,27875,,,,,,,,,,,,12.3,28.2,17.5,34.1,151,70,22
1993-06-08,375.25,spot,171089,56205,9226,9743,49340,123911,55801,28209,,,,,,,,,,,,13.1,27.3,18.3,34.5,145,64,21
1993-06-15,365.35,spot,164461,49164,10595,9872,56725,114096,48700,29898,,,,,,,,,,,,15.5,24.7,21.8,29.8,138,54,23
1993-06-22,368.8,spot,167368,54439,11130,10460,53056,114832,49413,30946,,,,,,,,,,,,15.4,23.7,21.7,29.1,140,57,23
1993-06-29,375.35,spot,174697,60965,12036,10791,47144,123614,55797,28256,,,,,,,,,,,,15.7,26.7,20.4,33.1,152,69,20
1993-07-06,391.65,spot,199471,73775,17138,12745,48718,138294,64233,31294,,,,,,,,,,,,15.4,25.3,22.0,32.5,173,77,30
1993-07-13,392.45,spot,204057,76537,13336,13834,49761,143151,63925,33736,,,,,,,,,,,,15.1,27.8,23.0,36.6,148,65,22
1993-07-20,392.1,spot,204642,74337,9855,14117,51185,146683,65003,33987,,,,,,,,,,,,14.8,26.9,22.0,35.9,150,69,22
1993-07-27,392.35,spot,197704,69330,10481,12979,49019,140657,66376,33587,,,,,,,,,,,,16.4,26.5,23.0,34.2,142,60,24
1993-08-03,403.75,spot,206869,82076,12479,12848,37142,150213,74803,31329,,,,,,,,,,,,16.3,28.0,22.3,37.1,159,75,24
1993-08-10,380.35,spot,176847,55725,13359,13538,51696,116081,55888,33869,,,,,,,,,,,,19.4,21.2,25.7,29.1,133,47,29
1993-08-17,371.6,spot,172814,41868,12872,14559,60168,112831,56219,32552,,,,,,,,,,,,17.8,22.5,22.8,28.7,130,43,29
1993-08-24,373.65,spot,172556,44404,11738,14290,62404,118570,51458,27958,,,,,,,,,,,,19.2,24.5,24.5,31.0,132,49,27
1993-08-31,371.55,spot,175913,48894,12805,13770,63290,119754,49959,29584,,,,,,,,,,,,19.5,23.3,24.8,30.1,133,44,29
1993-09-07,354.8,spot,179032,45493,18741,13229,78805,114683,41505,32379,,,,,,,,,,,,19.9,21.0,28.6,27.2,138,38,39
1993-09-14,343.7,spot,171512,38360,17840,10438,80158,107192,42556,36042,,,,,,,,,,,,20.1,20.2,28.4,26.2,123,28,35
1993-09-21,354.75,spot,159931,32735,16165,10375,75554,103273,41267,30118,,,,,,,,,,,,18.1,22.6,27.0,29.3,122,30,31
1993-09-28,355.75,spot,154198,31272,15137,9882,72225,100288,40819,28891,,,,,,,,,,,,18.2,23.3,27.2,30.2,122,29,30
1993-10-05,353.8,spot,151216,29815,16588,9378,73281,95448,38742,29802,,,,,,,,,,,,18.8,21.0,27.7,26.8,115,28,30
1993-10-12,360.6,spot,151204,36607,10716,8764,60068,103903,45765,27821,,,,,,,,,,,,17.8,24.3,24.5,31.6,116,34,22
1993-10-19,366.4,spot,149633,37249,9111,8594,57287,106630,46503,25298,,,,,,,,,,,,17.7,26.0,24.3,33.7,118,39,19
1993-10-26,368.25,spot,154785,41405,10361,9626,56961,108815,46793,25983,,,,,,,,,,,,16.9,25.9,24.6,33.5,128,43,23
1993-11-02,363.0,spot,146843,37080,11946,9599,56427,97575,43737,27723,,,,,,,,,,,,17.5,24.5,25.4,31.9,117,35,22
1993-11-09,376.0,spot,154670,44920,13504,8338,48124,104921,53288,27907,,,,,,,,,,,,16.0,23.2,22.7,31.8,132,49,27
1993-11-16,375.0,spot,151618,41735,6983,8016,45116,109067,56751,27552,,,,,,,,,,,,14.6,26.1,19.2,36.3,118,48,12
1993-11-23,377.6,spot,154281,42924,7011,11238,45351,108417,54768,27615,,,,,,,,,,,,13.6,24.0,18.2,34.1,124,54,11
1993-11-30,370.9,spot,147175,35713,11162,12475,54605,97414,44382,26124,,,,,,,,,,,,16.2,22.2,21.2,29.7,119,45,14
1993-12-07,376.9,spot,142524,40747,8594,11936,41318,98989,48523,23005,,,,,,,,,,,,15.7,24.0,21.2,33.7,117,48,11
1993-12-14,387.0,spot,156428,52864,7980,12159,37153,110796,54252,25493,,,,,,,,,,,,13.7,25.0,18.6,34.4,141,70,11
1993-12-21,387.5,spot,159335,53916,8322,12158,38474,112882,54787,25973,,,,,,,,,,,,14.6,24.8,20.6,33.6,135,66,11
1993-12-28,384.95,spot,159847,54009,8224,12248,40212,113683,53378,25692,,,,,,,,,,,,15.1,25.2,21.1,33.7,128,62,10
1994-01-04,394.1,spot,170497,59294,9532,20268,31550,115035,59385,25662,,,,,,,,,,,,12.3,24.6,16.6,34.6,145,70,14
1994-01-11,385.45,spot,157271,50144,8811,16975,36364,99590,53788,31895,,,,,,,,,,,,14.1,18.7,18.7,29.7,128,58,13
1994-01-18,392.55,spot,159083,51621,6893,15900,32632,109092,58930,27198,,,,,,,,,,,,13.4,22.5,17.9,32.9,127,59,8
1994-01-25,382.0,spot,147945,38287,9784,9176,45607,97420,54875,31565,,,,,,,,,,,,13.6,17.6,18.0,27.1,115,42,14
1994-02-01,381.65,spot,134302,35258,14480,7312,42783,82628,48949,29882,,,,,,,,,,,,15.9,17.1,20.9,25.7,122,41,23
1994-02-08,380.55,spot,136106,34704,14233,7568,49322,86181,44512,28124,,,,,,,,,,,,18.4,17.8,23.2,27.6,131,44,25
1994-02-15,385.0,spot,140211,34398,13788,7273,52011,89918,46529,29232,,,,,,,,,,,,19.1,18.7,24.2,28.0,126,45,21
1994-02-22,379.4,spot,139965,30012,17832,7417,55220,85071,47316,29645,,,,,,,,,,,,19.5,17.6,24.5,26.6,126,36,31
1994-03-01,381.3,spot,148260,33205,25729,6460,59637,81717,48958,34354,,,,,,,,,,,,23.3,19.7,28.1,27.4,132,41,36
1994-03-08,376.1,spot,146116,28210,27146,5481,65989,79981,46436,33508,,,,,,,,,,,,23.3,19.8,28.3,26.0,130,33,38
1994-03-15,387.1,spot,142387,35954,15216,6853,49538,91010,50042,29308,,,,,,,,,,,,18.3,23.2,24.5,31.8,110,44,11
1994-03-22,389.15,spot,147001,37614,15374,7723,47872,96175,53792,27729,,,,,,,,,,,,17.2,23.7,22.2,33.5,115,48,11
1994-03-29,386.8,spot,147441,39949,16234,7580,44989,98182,54923,25445,,,,,,,,,,,,16.0,24.6,20.5,34.8,120,55,10
1994-04-05,384.75,spot,138683,35281,17876,8547,42664,89039,52191,23221,,,,,,,,,,,,17.4,26.7,20.5,34.7,115,46,13
1994-04-12,378.0,spot,140190,30231,27193,8618,53837,76023,47504,28356,,,,,,,,,,,,17.3,22.5,20.9,30.2,130,37,30
1994-04-19,373.1,spot,150065,25666,42487,9186,68830,64190,46383,34202,,,,,,,,,,,,18.6,18.4,24.1,23.8,134,35,44
1994-04-26,374.3,spot,149682,21360,48075,9300,74124,61806,44898,30501,,,,,,,,,,,,16.0,19.9,22.0,24.8,136,32,44
1994-05-03,375.1,spot,150507,23855,49230,6988,74892,61492,44772,32797,,,,,,,,,,,,18.3,20.9,25.8,25.7,139,35,48
1994-05-10,380.15,spot,142039,25958,34299,6075,63828,71306,46178,30359,,,,,,,,,,,,19.1,24.9,25.1,31.9,115,36,26
1994-05-17,382.55,spot,144784,30099,32281,7749,58995,75802,47941,28952,,,,,,,,,,,,17.2,25.6,23.5,33.4,116,39,25
1994-05-24,388.0,spot,154408,37509,29218,7872,60829,89041,48198,28277,,,,,,,,,,,,18.5,25.8,26.4,32.8,125,51,21
1994-05-31,387.6,spot,148143,45219,23705,6783,53859,92327,42282,25328,,,,,,,,,,,,16.7,26.8,23.4,33.9,123,51,17
1994-06-07,380.5,spot,136615,31353,25920,7108,58939,79078,39215,24509,,,,,,,,,,,,15.1,24.5,24.5,30.7,111,31,24
1994-06-14,383.8,spot,138822,33843,23618,7278,55774,81599,41927,26327,,,,,,,,,,,,15.2,23.5,22.5,29.8,109,34,17
1994-06-21,390.3,spot,161383,55391,21845,7373,45752,107129,52867,25036,,,,,,,,,,,,13.3,24.7,19.2,33.0,140,65,16
1994-06-28,386.55,spot,148851,39328,23394,9670,51710,89550,48143,26237,,,,,,,,,,,,13.5,21.3,18.6,28.2,124,45,18
1994-07-05,387.3,spot,146005,36631,23603,8720,51644,87620,49010,26062,,,,,,,,,,,,14.6,21.0,19.6,28.4,122,42,20
1994-07-12,386.3,spot,145019,32962,23307,8727,56076,87407,47254,25578,,,,,,,,,,,,15.0,21.4,21.1,28.8,116,36,20
1994-07-19,384.65,spot,153041,33006,22995,8738,68665,94952,42632,26356,,,,,,,,,,,,14.9,23.6,21.3,30.7,115,33,21
1994-07-26,386.2,spot,149109,34041,22650,7980,62897,92908,44191,25571,,,,,,,,,,,,15.4,21.5,22.1,28.4,114,30,22
1994-08-02,380.0,spot,145660,33034,37935,7563,65127,66527,39936,33635,,,,,,,,,,,,15.9,15.1,24.9,21.1,127,29,40
1994-08-09,378.65,spot,155058,32524,46074,9466,73031,65591,40037,33927,,,,,,,,,,,,16.0,14.3,24.8,20.6,134,35,42
1994-08-16,376.3,spot,160298,27649,45377,10458,79665,64758,42526,39705,,,,,,,,,,,,17.2,14.7,25.9,21.0,135,32,45
1994-08-23,381.35,spot,156684,30405,38306,9751,75417,73616,41111,35011,,,,,,,,,,,,17.1,15.7,26.5,22.5,134,38,35
1994-08-30,386.6,spot,156676,38628,23584,8304,65755,95446,43989,29342,,,,,,,,,,,,15.9,19.3,25.0,28.6,128,46,22
1994-09-06,387.6,spot,157364,40107,21267,9023,62716,99828,45518,27246,,,,,,,,,,,,16.4,20.0,24.3,29.6,134,50,16
1994-09-13,389.6,spot,159123,42907,11099,8863,57174,109582,50179,29579,,,,,,,,,,,,14.5,20.4,22.9,29.6,125,47,13
1994-09-20,393.9,spot,174646,58124,11079,8166,53595,129859,54761,25542,,,,,,,,,,,,13.6,22.1,21.8,33.3,138,60,12
1994-09-27,395.8,spot,184697,66886,8688,9938,53032,137926,54841,28145,,,,,,,,,,,,13.7,20.7,20.7,33.4,149,70,12
1994-10-04,392.45,spot,188054,66676,9236,9647,56367,141031,55364,28140,,,,,,,,,,,,13.9,23.4,21.1,35.3,145,70,12
1994-10-11,387.65,spot,164252,38255,10971,12277,64796,111155,48924,29849,,,,,,,,,,,,15.6,18.1,21.4,26.6,137,51,25
1994-10-18,389.75,spot,156161,32979,15993,12512,63875,99679,46795,27977,,,,,,,,,,,,14.7,17.4,20.8,24.8,124,41,25
1994-10-25,389.2,spot,157554,35388,13717,11031,64591,104776,46544,28030,,,,,,,,,,,,14.5,19.7,20.7,27.2,122,42,20
1994-11-01,384.5,spot,163943,30039,37703,11225,79368,81999,43311,33016,,,,,,,,,,,,15.5,16.7,22.2,22.5,130,37,32
1994-11-08,384.65,spot,166608,30702,41118,10542,79173,80941,46191,34007,,,,,,,,,,,,14.6,16.2,22.0,22.3,128,37,34
1994-11-15,386.7,spot,166090,26522,41122,12291,80445,77390,46832,35287,,,,,,,,,,,,16.8,14.1,24.6,20.7,126,30,38
1994-11-22,383.8,spot,170691,23152,37251,17037,82960,75907,47542,40496,,,,,,,,,,,,16.4,13.2,23.7,19.9,123,29,40
1994-11-29,383.2,spot,172690,19279,39679,16944,94165,78915,42302,37152,,,,,,,,,,,,18.1,12.7,25.1,18.7,122,25,40
1994-12-06,375.75,spot,180619,14632,59710,17657,112946,64192,35384,39060,,,,,,,,,,,,19.4,13.7,29.9,20.5,140,21,56
1994-12-13,379.1,spot,179346,14093,60972,17518,109896,61920,37839,38936,,,,,,,,,,,,20.2,13.9,29.7,20.7,136,22,51
1994-12-20,381.9,spot,175686,14095,54202,18599,104448,66311,38544,36574,,,,,,,,,,,,21.2,14.3,29.2,21.3,127,23,48
1994-12-27,381.55,spot,179759,13482,53710,18282,110098,71461,37897,36306,,,,,,,,,,,,22.8,13.9,30.3,21.3,122,20,45
1995-01-03,380.9,spot,178399,13004,47070,19506,107348,75580,38541,36243,,,,,,,,,,,,23.9,12.5,31.3,20.0,118,20,42
1995-01-10,374.1,spot,196271,14517,64096,15927,130319,73773,35508,42475,,,,,,,,,,,,25.7,13.0,35.5,19.7,136,24,50
1995-01-17,379.8,spot,188429,15750,53584,15436,121211,80263,36032,39146,,,,,,,,,,,,22.9,13.0,32.2,20.1,127,28,38
1995-01-24,381.3,spot,175858,16319,38233,15456,109250,84863,34833,37306,,,,,,,,,,,,20.7,13.2,28.0,20.5,118,26,35
1995-01-31,374.9,spot,171777,14708,45288,15587,110145,76920,31337,33982,,,,,,,,,,,,21.3,12.9,29.5,19.8,122,21,41
1995-02-07,374.5,spot,172009,15943,47046,15148,107861,71652,33057,38163,,,,,,,,,,,,20.3,13.7,28.5,21.1,118,22,37
1995-02-14,376.0,spot,171401,15637,44891,14972,108789,75137,32003,36401,,,,,,,,,,,,21.6,13.7,29.0,20.1,123,24,38
1995-02-21,378.65,spot,169377,15597,39363,15542,101870,80903,36368,33569,,,,,,,,,,,,20.6,13.9,26.5,20.8,117,24,34
1995-02-28,376.4,spot,174285,14603,43836,15104,110501,81075,34077,34270,,,,,,,,,,,,24.0,12.9,30.2,19.5,121,21,39
1995-03-07,382.0,spot,168151,15813,25347,17058,92777,94106,42503,31640,,,,,,,,,,,,16.0,14.1,20.8,19.4,117,33,25
1995-03-14,384.7,spot,167938,19918,12967,16618,88890,107100,42512,31253,,,,,,,,,,,,13.6,12.4,17.9,17.9,111,31,20
1995-03-21,382.9,spot,168138,15352,11719,17240,93215,107852,42331,31327,,,,,,,,,,,,14.1,13.8,18.5,19.2,109,30,20
1995-03-28,381.7,spot,162245,12659,11818,17428,89743,105159,42415,27840,,,,,,,,,,,,11.6,13.4,16.9,19.1,108,28,19
1995-04-04,391.7,spot,187495,39871,6180,15306,83346,138602,48972,27407,,,,,,,,,,,,10.1,18.3,14.8,24.8,129,48,14
1995-04-11,390.0,spot,191233,43265,6820,14895,83303,144141,49770,25377,,,,,,,,,,,,11.4,18.7,15.6,26.2,129,47,17
1995-04-18,392.85,spot,198168,44945,6259,14921,85055,151666,53247,25322,,,,,,,,,,,,12.0,21.5,16.3,28.7,129,51,13
1995-04-25,389.75,spot,196084,42702,6829,15745,86275,148863,51362,24647,,,,,,,,,,,,13.9,22.3,17.9,30.0,131,55,15
1995-05-02,388.55,spot,177178,25653,6962,15517,91720,128869,44288,25830,,,,,,,,,,,,16.2,20.1,21.8,26.8,109,30,15
1995-05-09,388.1,spot,170206,12615,13750,15103,103960,111444,38528,29909,,,,,,,,,,,,16.1,17.6,22.5,23.6,114,23,23
1995-05-16,383.85,spot,173860,13179,19220,14993,108613,107049,37075,32598,,,,,,,,,,,,16.1,10.8,23.8,15.9,114,26,30
1995-05-23,382.0,spot,181812,11361,21878,15522,117613,110597,37316,33815,,,,,,,,,,,,16.8,10.9,24.2,15.3,114,20,32
1995-05-30,385.75,spot,159456,11716,17770,11700,99640,98694,36400,31292,,,,,,,,,,,,19.7,13.7,28.1,18.8,110,19,32
1995-06-06,384.2,spot,170887,13907,18187,9288,109786,110995,37906,32417,,,,,,,,,,,,14.1,11.6,21.5,15.8,112,24,29
1995-06-13,387.0,spot,164848,17242,12814,7377,102130,115450,38099,29207,,,,,,,,,,,,12.9,12.0,19.4,16.8,117,34,23
1995-06-20,390.75,spot,183209,33046,6879,6166,103006,141191,40991,28973,,,,,,,,,,,,13.4,16.6,19.0,22.1,114,42,13
1995-06-27,389.4,spot,177052,29025,7584,5428,104276,136051,38323,27989,,,,,,,,,,,,14.3,15.9,20.9,20.6,112,37,13
1995-07-03,384.5,spot,175928,18389,21962,5374,120041,117925,32124,30667,,,,,,,,,,,,16.4,10.9,24.1,15.5,116,24,29
1995-07-11,384.75,spot,184850,14673,26780,5330,129634,118300,35213,34440,,,,,,,,,,,,17.2,10.2,24.4,15.0,121,27,31
1995-07-18,389.6,spot,171900,20360,12480,5591,107914,121954,38035,31875,,,,,,,,,,,,13.5,12.9,19.7,18.1,103,25,19
1995-07-25,386.7,spot,168448,16627,14624,5554,108254,112565,38013,35705,,,,,,,,,,,,14.4,12.3,22.0,17.3,105,24,21
1995-08-01,382.85,spot,170099,13084,40233,5579,117679,87760,33757,36527,,,,,,,,,,,,24.1,14.7,32.6,20.1,116,23,36
1995-08-08,384.5,spot,177811,15272,46262,8190,117389,86027,36960,37332,,,,,,,,,,,,27.5,15.9,35.5,21.2,123,27,36
1995-08-15,386.35,spot,173296,14838,32053,5889,114219,101377,38350,33977,,,,,,,,,,,,27.6,16.9,35.6,22.5,111,23,28
1995-08-22,384.05,spot,175852,12195,45313,5993,121716,90693,35948,33853,,,,,,,,,,,,30.7,14.7,38.6,20.9,117,25,33
1995-08-29,383.0,spot,177422,11333,47660,6183,122962,88188,36944,35391,,,,,,,,,,,,31.2,13.6,38.2,19.7,121,24,37
1995-09-05,379.4,spot,183988,12639,53989,6342,126514,83849,38493,39808,,,,,,,,,,,,32.1,12.9,38.2,18.8,127,27,39
1995-09-12,383.1,spot,186741,15444,44478,7415,122310,96028,41572,38820,,,,,,,,,,,,29.8,14.3,36.2,20.9,117,25,33
1995-09-19,384.85,spot,188070,16915,38672,7032,121328,105347,42795,37019,,,,,,,,,,,,31.6,17.4,37.5,24.1,121,26,32
1995-09-26,383.8,spot,184643,14513,41360,6537,124246,101213,39347,35533,,,,,,,,,,,,32.6,17.4,39.0,24.5,121,25,34
1995-10-03,382.2,spot,180193,13167,44756,5998,123498,92411,37530,37028,,,,,,,,,,,,31.3,15.6,37.5,21.8,121,24,35
1995-10-10,385.1,spot,180595,15392,40580,5824,119805,99354,39574,34837,,,,,,,,,,,,27.2,16.6,33.1,22.5,121,27,33
1995-10-17,383.4,spot,181415,13493,41915,6677,123875,99061,37370,33762,,,,,,,,,,,,26.2,16.4,32.7,22.0,119,24,35
1995-10-24,382.5,spot,191143,13266,54685,6714,134142,93322,37021,36422,,,,,,,,,,,,27.3,14.5,33.8,21.5,124,22,41
1995-10-31,382.65,spot,192942,14314,52940,7216,134532,96123,36880,36663,,,,,,,,,,,,25.5,12.8,31.0,19.5,122,24,38
1995-11-07,384.8,spot,187463,15493,41697,9729,120337,100476,41904,35561,,,,,,,,,,,,20.5,15.1,26.5,20.8,120,29,32
1995-11-14,385.85,spot,172130,23423,15186,8095,96779,118017,43833,30832,,,,,,,,,,,,8.1,14.2,14.0,19.3,113,29,20
1995-11-21,386.3,spot,155570,17247,14347,8705,88430,102092,41188,30426,,,,,,,,,,,,9.9,14.5,16.0,20.0,103,26,17
1995-11-28,388.9,spot,150937,14863,17285,10275,84850,89721,40949,33656,,,,,,,,,,,,18.0,14.3,23.3,20.0,116,27,27
1995-12-05,386.55,spot,139049,15236,15528,10849,76282,86287,36682,26385,,,,,,,,,,,,14.8,12.0,20.7,17.2,115,29,23
1995-12-12,388.8,spot,144601,24462,13377,10230,69524,95566,40385,25428,,,,,,,,,,,,9.4,13.1,15.1,18.1,124,39,22
1995-12-19,388.1,spot,142709,16148,13121,11125,76641,93422,38795,25041,,,,,,,,,,,,12.8,11.1,18.4,16.3,116,28,20
1995-12-26,388.05,spot,141213,15493,13233,11278,75655,92325,38787,24377,,,,,,,,,,,,13.2,12.5,18.8,17.6,114,26,21
1996-01-02,389.15,spot,148656,22223,11829,11590,73546,99829,41297,25408,,,,,,,,,,,,11.7,12.8,17.4,18.3,117,34,18
1996-01-09,394.55,spot,196205,56064,6413,12346,75052,147039,52743,30407,,,,,,,,,,,,9.7,14.0,15.8,23.5,139,58,14
1996-01-16,397.6,spot,213033,64825,6689,12995,79728,165217,55485,28132,,,,,,,,,,,,9.5,15.4,15.9,24.0,142,59,11
1996-01-23,403.65,spot,226823,72631,3289,13299,78002,176451,62891,33784,,,,,,,,,,,,9.2,16.7,15.0,26.1,151,75,8
1996-01-30,406.55,spot,223800,73978,6284,14140,77403,171610,58279,31766,,,,,,,,,,,,9.9,15.7,15.6,25.3,164,77,17
1996-02-06,412.3,spot,235728,72958,9113,14133,89164,183472,59473,29010,,,,,,,,,,,,9.8,20.1,15.4,28.5,167,78,18
1996-02-13,403.2,spot,224779,55477,6884,11783,95235,174281,62284,31831,,,,,,,,,,,,10.0,18.8,15.1,27.5,152,63,17
1996-02-20,402.2,spot,221187,49123,8013,10713,100192,171978,61159,30483,,,,,,,,,,,,9.9,19.3,15.0,28.2,153,59,19
1996-02-27,399.5,spot,220205,44106,5830,11621,102754,175501,61724,27253,,,,,,,,,,,,9.6,20.3,15.3,30.1,144,52,15
1996-03-05,393.6,spot,206708,32146,9856,13511,100702,152643,60349,30698,,,,,,,,,,,,9.5,19.9,16.2,28.8,130,47,15
1996-03-12,396.25,spot,208236,34232,9423,10725,98394,156826,64885,31262,,,,,,,,,,,,8.3,18.9,13.7,27.3,130,46,13
1996-03-19,395.1,spot,197708,29171,12107,9063,97546,147751,61928,28787,,,,,,,,,,,,8.9,17.9,14.7,25.6,129,39,19
1996-03-26,399.9,spot,201147,39469,7768,9681,84317,154441,67680,29257,,,,,,,,,,,,9.1,22.0,14.0,29.8,132,48,14
1996-04-02,394.35,spot,189385,36397,11592,9740,88576,140144,54672,27909,,,,,,,,,,,,9.5,20.6,15.3,28.3,134,46,21
1996-04-09,396.3,spot,202031,42220,12257,9574,92202,149859,58035,30341,,,,,,,,,,,,9.8,21.6,15.0,29.7,136,49,20
1996-04-16,393.5,spot,201839,24271,17681,10174,109777,138722,57617,35262,,,,,,,,,,,,14.9,20.3,20.0,27.3,132,41,24
1996-04-23,391.75,spot,203351,24144,23597,10075,114426,137205,54706,32474,,,,,,,,,,,,17.9,18.3,22.8,25.4,133,40,29
1996-04-30,391.3,spot,206658,24448,25486,11107,115145,138926,55958,31139,,,,,,,,,,,,20.0,17.8,24.3,25.2,131,40,30
1996-05-07,393.7,spot,201442,25875,21051,10282,104407,137787,60878,32322,,,,,,,,,,,,13.7,20.2,19.1,28.2,133,38,26
1996-05-14,390.7,spot,205744,23187,28223,8977,112867,135835,60713,32709,,,,,,,,,,,,12.0,17.7,18.5,25.5,132,35,29
1996-05-21,391.0,spot,205874,23277,34180,9792,115820,127772,56985,34130,,,,,,,,,,,,10.8,16.2,17.1,24.0,129,36,29
1996-05-28,392.0,spot,202685,23843,31809,11064,109750,126013,58028,33799,,,,,,,,,,,,11.2,16.4,18.2,24.5,123,37,25
1996-06-04,389.7,spot,183865,25230,37997,10547,97804,103709,50284,31612,,,,,,,,,,,,12.9,17.2,20.6,24.9,134,34,34
1996-06-11,384.9,spot,189544,16825,53384,10725,114523,92795,47471,32640,,,,,,,,,,,,16.1,14.1,24.7,22.3,136,28,42
1996-06-18,384.85,spot,192486,18772,50728,11717,117940,98312,44057,31729,,,,,,,,,,,,15.9,12.2,24.3,20.4,137,31,40
1996-06-25,385.1,spot,194460,18980,49010,10613,118840,99091,46027,35746,,,,,,,,,,,,16.6,11.2,25.0,18.6,137,32,38
1996-07-02,381.95,spot,196152,13499,52310,11027,126988,95449,44638,37366,,,,,,,,,,,,17.2,11.8,26.2,19.2,130,26,40
1996-07-09,382.9,spot,197471,13856,49630,11414,126504,99214,45697,37213,,,,,,,,,,,,17.5,11.6,26.4,18.9,127,28,36
1996-07-16,384.25,spot,187816,10183,42189,12896,117518,97101,47219,35630,,,,,,,,,,,,19.0,12.3,25.6,19.6,126,26,35
1996-07-23,385.1,spot,176128,10760,38907,12730,106893,89040,45745,35451,,,,,,,,,,,,14.9,11.8,21.6,18.8,123,26,35
1996-07-30,384.8,spot,169384,11780,35384,11502,105049,91351,41053,31147,,,,,,,,,,,,13.1,12.8,20.0,19.8,123,29,32
1996-08-06,388.5,spot,158371,14155,17964,10825,89608,101842,43783,27740,,,,,,,,,,,,12.7,11.2,18.3,18.8,129,34,27
1996-08-13,387.6,spot,160705,13969,17399,11776,90375,104334,44585,27196,,,,,,,,,,,,12.3,11.4,17.6,19.0,126,31,25
1996-08-20,387.1,spot,157653,12948,19352,12479,90037,99636,42189,26186,,,,,,,,,,,,11.6,11.2,17.4,18.6,129,33,27
1996-08-27,388.8,spot,160819,14313,16841,12458,90764,105725,43284,25795,,,,,,,,,,,,11.6,11.5,17.0,18.4,127,35,22
1996-09-03,386.6,spot,162775,10839,27442,13787,95941,93677,42208,27869,,,,,,,,,,,,13.1,11.3,18.9,18.9,122,26,31
1996-09-10,383.1,spot,186183,10988,58020,12871,120065,83328,42259,31964,,,,,,,,,,,,15.9,14.8,23.9,22.1,137,27,42
1996-09-17,383.45,spot,191988,11628,63874,12076,126902,82889,41382,33149,,,,,,,,,,,,17.8,17.2,26.3,24.1,135,29,42
1996-09-24,382.3,spot,189340,9958,65772,11440,128476,78937,39466,33191,,,,,,,,,,,,18.4,17.4,28.5,24.8,129,27,39
1996-10-01,378.65,spot,197398,10856,69120,11065,139012,82577,36465,34636,,,,,,,,,,,,18.8,17.9,28.5,25.3,133,29,43
1996-10-08,380.85,spot,193843,12001,66246,10964,133689,82330,37189,34303,,,,,,,,,,,,19.0,18.3,28.3,26.3,130,28,40
1996-10-15,381.0,spot,196753,14657,65430,9996,132953,88501,39147,32826,,,,,,,,,,,,18.0,18.1,25.5,25.9,130,28,40
1996-10-22,383.35,spot,187813,12240,48255,10244,122605,95927,42724,33387,,,,,,,,,,,,18.3,17.7,24.0,23.6,127,28,33
1996-10-29,381.7,spot,187475,10169,54543,10753,125555,88769,40998,33410,,,,,,,,,,,,19.3,16.8,25.4,23.6,128,23,41
1996-11-05,379.3,spot,193964,10481,64187,11194,134149,83834,38140,34749,,,,,,,,,,,,20.9,16.7,27.7,23.9,131,25,43
1996-11-12,381.9,spot,189454,13614,53794,11580,124540,90543,39720,33537,,,,,,,,,,,,17.2,16.7,23.8,22.5,133,33,38
1996-11-19,378.2,spot,175954,10143,50202,11944,113842,81820,40025,31988,,,,,,,,,,,,16.3,16.6,22.8,22.2,125,24,39
1996-11-26,373.5,spot,191221,10662,65255,12355,133250,81260,34954,32351,,,,,,,,,,,,20.2,16.9,28.3,23.3,129,22,43
1996-12-03,367.4,spot,188166,11865,65840,11789,129083,78002,35429,32535,,,,,,,,,,,,17.5,16.9,25.6,22.5,134,24,45
1996-12-10,368.25,spot,185516,13689,51181,12413,124975,89990,34439,31932,,,,,,,,,,,,17.3,12.3,23.9,18.5,132,26,42
1996-12-17,368.2,spot,185415,12219,49246,11174,126060,91688,35962,33307,,,,,,,,,,,,18.1,13.1,24.8,19.1,125,24,40
1996-12-24,368.75,spot,186187,11874,49415,11925,129300,92681,33088,32166,,,,,,,,,,,,21.0,12.4,27.3,18.3,126,24,42
1996-12-31,369.25,spot,189805,11848,53773,12388,132509,89076,33060,34568,,,,,,,,,,,,21.5,11.7,27.0,17.5,126,26,39
1997-01-07,359.0,spot,201412,11368,59524,13493,142810,92461,33741,35934,,,,,,,,,,,,26.2,11.3,31.5,17.7,132,28,44
1997-01-14,357.4,spot,204117,7643,60612,13077,148436,91838,34961,38590,,,,,,,,,,,,26.5,10.4,33.0,16.7,121,17,47
1997-01-21,354.7,spot,205471,7815,58085,13451,146541,92667,37664,41268,,,,,,,,,,,,27.3,11.9,32.7,18.5,118,18,43
1997-01-28,353.7,spot,189160,10226,49182,13256,131672,89781,34006,36941,,,,,,,,,,,,22.5,11.8,29.2,17.9,116,17,42
1997-02-04,345.7,spot,191347,7438,55221,13834,135757,89711,34318,32581,,,,,,,,,,,,22.1,13.8,29.5,20.9,119,19,45
1997-02-11,339.4,spot,195275,8403,55053,12010,139125,94371,35737,33841,,,,,,,,,,,,21.5,13.4,28.4,20.1,127,25,47
1997-02-18,345.0,spot,194794,14150,48011,12969,131009,99942,36666,33872,,,,,,,,,,,,19.8,14.4,27.2,21.0,132,30,43
1997-02-25,353.1,spot,184459,14009,35250,13671,121543,103504,35236,32034,,,,,,,,,,,,17.1,15.1,24.2,21.1,125,32,32
1997-03-04,359.4,spot,174030,21214,18641,13700,100996,112632,38120,29057,,,,,,,,,,,,14.8,16.0,22.4,22.2,117,28,29
1997-03-11,351.95,spot,170832,15219,16432,14227,99498,110335,41888,29838,,,,,,,,,,,,14.4,20.7,21.6,25.6,105,27,23
1997-03-18,346.3,spot,172691,12800,23671,13631,101843,99951,44417,35438,,,,,,,,,,,,12.8,17.1,18.3,22.1,102,23,26
1997-03-25,349.6,spot,163639,16865,23580,12660,96276,97554,37838,29845,,,,,,,,,,,,14.5,18.3,20.8,23.3,110,24,30
1997-04-01,350.0,spot,152107,10496,19958,11560,95210,92335,34841,28254,,,,,,,,,,,,15.5,19.4,22.3,25.8,101,21,27
1997-04-08,349.1,spot,148359,10019,18882,12046,91818,89007,34476,28424,,,,,,,,,,,,15.5,19.9,23.7,27.1,101,23,23
1997-04-15,343.0,spot,159410,8895,37248,12228,101797,74791,36490,35143,,,,,,,,,,,,15.6,19.1,25.4,25.2,110,24,31
1997-04-22,341.6,spot,162911,9131,46631,11809,104100,70038,37871,34433,,,,,,,,,,,,15.9,17.0,25.1,23.5,115,24,34
1997-04-29,339.25,spot,163585,8071,48003,12234,105901,69213,37379,34135,,,,,,,,,,,,15.6,16.8,24.5,23.4,115,23,35
1997-05-06,342.45,spot,168134,8661,48910,12728,107085,70016,39660,36480,,,,,,,,,,,,15.1,16.3,24.0,22.8,113,23,36
1997-05-13,348.9,spot,162528,14204,31887,11941,93680,81341,42703,37359,,,,,,,,,,,,14.1,19.3,22.1,25.8,104,25,23
1997-05-20,343.0,spot,159466,10213,40450,12352,97955,72917,38946,33747,,,,,,,,,,,,16.9,21.2,25.2,28.7,98,21,25
1997-05-27,343.65,spot,158811,10253,39801,12288,97036,72994,39234,33728,,,,,,,,,,,,16.6,22.4,26.6,29.1,99,20,26
1997-06-03,343.55,spot,150801,8479,39277,12889,96893,68789,32540,29846,,,,,,,,,,,,18.4,22.4,28.5,29.0,95,20,24
1997-06-10,343.75,spot,160675,7903,44095,12983,104606,71374,35183,32223,,,,,,,,,,,,19.7,19.2,29.8,25.8,102,19,32
1997-06-17,342.15,spot,164407,8277,45856,12707,109496,73328,33927,32516,,,,,,,,,,,,20.4,17.8,30.4,24.6,106,19,35
1997-06-24,338.35,spot,185491,9490,64083,13310,125591,70159,37100,37939,,,,,,,,,,,,21.0,17.7,30.6,24.2,118,18,47
1997-07-01,333.7,spot,196108,5230,72241,14239,139801,69136,36838,40492,,,,,,,,,,,,21.4,17.3,32.1,24.5,122,18,51
1997-07-08,320.8,spot,217966,6339,78779,19518,157324,78253,34785,41416,,,,,,,,,,,,22.2,16.6,31.7,22.2,137,23,60
1997-07-15,319.75,spot,217370,7397,81985,17717,156780,74629,35476,43039,,,,,,,,,,,,22.0,16.9,31.3,22.6,139,23,57
1997-07-22,328.25,spot,204631,10794,72280,20306,140751,72776,32780,39269,,,,,,,,,,,,23.7,17.5,32.8,23.3,126,24,48
1997-07-29,326.55,spot,194719,11544,68170,13463,133032,72713,36680,40373,,,,,,,,,,,,23.9,19.2,31.2,25.0,113,20,47
1997-08-05,321.1,spot,197799,6513,77419,12110,147444,70830,31732,37440,,,,,,,,,,,,24.8,19.5,34.0,26.4,117,18,51
1997-08-12,326.15,spot,196685,14018,63722,13153,129979,79231,39535,40579,,,,,,,,,,,,26.1,19.8,33.0,25.6,120,21,42
1997-08-19,323.45,spot,201656,7183,63592,13664,140302,84641,40507,39759,,,,,,,,,,,,26.9,19.2,33.7,25.8,111,16,39
1997-08-26,325.5,spot,196870,7589,59131,13491,133381,85437,42409,38811,,,,,,,,,,,,28.5,19.6,34.9,26.0,112,19,38
1997-09-02,322.4,spot,195898,6674,66468,13110,138746,82096,37368,34224,,,,,,,,,,,,27.3,19.7,33.8,26.1,117,19,42
1997-09-09,321.7,spot,202432,6595,66009,12856,144584,85178,38397,38389,,,,,,,,,,,,28.2,19.1,35.6,25.3,112,17,40
1997-09-16,321.0,spot,205520,4357,66787,11896,148037,84679,41230,42158,,,,,,,,,,,,31.0,18.3,40.2,25.3,112,15,44
1997-09-23,320.9,spot,201439,4678,67575,11728,146080,83998,38953,38138,,,,,,,,,,,,32.0,19.1,39.7,26.8,116,17,44
1997-09-30,332.1,spot,182284,22302,42134,12732,100304,101704,46946,25714,,,,,,,,,,,,19.5,15.4,26.8,23.7,129,34,32
1997-10-07,331.95,spot,182549,41536,38086,12543,79426,106616,49044,25304,,,,,,,,,,,,13.8,17.1,21.5,24.2,129,42,27
1997-10-14,327.75,spot,176930,30291,38030,11998,85885,95722,48756,31180,,,,,,,,,,,,14.4,16.1,20.4,22.6,112,28,26
1997-10-21,323.3,spot,175223,13909,43706,12623,102442,87675,46249,31219,,,,,,,,,,,,12.4,15.6,17.7,20.8,116,25,32
1997-10-28,312.35,spot,217825,7117,71623,15011,147762,89397,47935,41794,,,,,,,,,,,,23.4,18.3,29.4,24.9,122,20,45
1997-11-04,315.35,spot,217937,8017,71591,16039,151730,91958,42151,38349,,,,,,,,,,,,30.7,19.4,35.7,25.4,131,22,48
1997-11-11,312.65,spot,214765,8834,68744,16429,147357,90349,42145,39243,,,,,,,,,,,,33.6,20.3,38.8,27.9,125,26,44
1997-11-18,304.1,spot,214353,13705,64354,14987,140488,92443,45173,42569,,,,,,,,,,,,28.3,19.1,34.0,26.2,119,22,43
1997-11-25,300.7,spot,192531,9687,69449,15961,133374,73859,33509,33262,,,,,,,,,,,,30.2,23.0,36.7,30.0,124,26,47
1997-12-02,295.1,spot,194540,10682,71170,15420,133401,71488,35037,36462,,,,,,,,,,,,29.2,22.5,36.2,30.1,126,26,45
1997-12-09,283.25,spot,197049,10623,73243,15614,132395,71638,38417,36554,,,,,,,,,,,,27.9,22.5,34.6,30.1,127,25,49
1997-12-16,285.5,spot,187364,9866,68635,16162,123302,64942,38034,37625,,,,,,,,,,,,22.9,22.3,29.5,27.7,126,25,46
1997-12-23,292.5,spot,183073,10200,61984,16929,109997,64425,45947,39735,,,,,,,,,,,,18.7,22.2,24.2,26.6,118,27,38
1997-12-30,290.2,spot,177704,9580,60624,16667,109536,65092,41921,35321,,,,,,,,,,,,20.6,22.9,26.7,27.2,116,25,38
1998-01-06,282.8,spot,189409,9714,68298,19237,121497,65006,38961,36868,,,,,,,,,,,,21.1,22.5,29.0,27.4,124,24,44
1998-01-13,279.5,spot,191691,9852,68380,16016,123854,68498,41969,38797,,,,,,,,,,,,20.9,20.6,27.9,25.9,128,26,48
1998-01-20,288.4,spot,181245,10105,61779,16726,111193,65943,43221,36797,,,,,,,,,,,,18.9,21.8,25.3,26.9,115,25,38
1998-01-27,298.9,spot,162174,12390,36522,16221,92532,77266,41031,32165,,,,,,,,,,,,14.6,17.5,18.9,22.1,106,26,26
1998-02-03,298.35,spot,164191,14549,38547,15078,95566,80855,38998,29711,,,,,,,,,,,,14.7,25.8,21.5,29.9,109,28,26
1998-02-10,299.5,spot,169296,15393,36662,16368,96853,87563,40682,28703,,,,,,,,,,,,17.3,26.8,23.1,31.8,111,32,22
1998-02-17,299.3,spot,172572,14602,38649,16651,101077,85270,40242,32002,,,,,,,,,,,,18.5,27.4,24.5,32.4,108,28,25
1998-02-24,291.4,spot,178732,13023,46469,17835,112478,81205,35396,33223,,,,,,,,,,,,20.1,26.4,25.8,31.9,113,27,32
1998-03-03,297.0,spot,181113,15161,43053,17991,108038,87020,39923,33049,,,,,,,,,,,,20.6,28.2,25.8,32.7,113,28,27
1998-03-10,294.4,spot,184128,13496,48149,18393,113872,83364,38367,34222,,,,,,,,,,,,21.5,28.4,27.8,34.0,112,27,29
1998-03-17,293.8,spot,200258,7047,58345,18815,135033,83753,39363,39345,,,,,,,,,,,,23.1,27.5,32.0,34.5,112,19,38
1998-03-24,300.3,spot,172915,6820,48971,16625,109127,72431,40343,34888,,,,,,,,,,,,23.3,26.7,29.3,32.3,107,20,34
1998-03-31,301.0,spot,161065,14151,35778,16721,90868,79111,39325,29455,,,,,,,,,,,,18.6,30.2,24.3,35.2,113,32,27
1998-04-07,309.2,spot,180125,35912,30665,17882,80360,104876,45971,26702,,,,,,,,,,,,19.3,35.3,24.8,40.1,123,40,27
1998-04-14,309.5,spot,182619,39334,31138,17225,79027,107599,47033,26657,,,,,,,,,,,,18.7,35.6,24.1,40.8,125,44,27
1998-04-21,307.5,spot,184930,41712,29121,16954,76768,112982,49496,25873,,,,,,,,,,,,16.8,34.1,22.0,40.0,128,46,24
1998-04-28,308.45,spot,183719,41569,23684,16503,77633,114737,48014,28795,,,,,,,,,,,,17.7,33.0,23.1,38.1,126,44,23
1998-05-05,303.8,spot,173676,33098,27867,15266,81123,98834,44189,31709,,,,,,,,,,,,19.3,32.0,25.7,39.9,113,35,22
1998-05-12,299.35,spot,156329,12860,31575,16058,87130,76681,40281,32015,,,,,,,,,,,,18.0,22.3,23.9,29.3,102,26,22
1998-05-19,299.7,spot,154467,12490,29737,14879,86888,78181,40210,31670,,,,,,,,,,,,17.1,19.5,22.5,27.0,99,22,21
1998-05-26,297.95,spot,149778,11717,33923,14462,85218,69898,38381,31495,,,,,,,,,,,,18.7,18.8,23.9,24.6,98,20,30
1998-06-02,291.45,spot,171275,7556,60612,15217,115290,58744,33212,36702,,,,,,,,,,,,23.7,18.6,29.9,24.8,116,19,43
1998-06-09,297.6,spot,171755,7000,58174,16308,114066,61281,34381,35992,,,,,,,,,,,,24.7,16.4,30.1,22.2,122,17,49
1998-06-16,287.0,spot,182514,5082,65909,17186,127101,63397,33145,36022,,,,,,,,,,,,28.5,17.1,35.3,23.3,124,15,55
1998-06-23,294.45,spot,167070,5441,42956,16326,111188,73389,34115,34399,,,,,,,,,,,,26.2,18.0,30.4,23.0,110,16,36
1998-06-30,296.3,spot,164716,5022,40939,15542,111528,77599,32624,30636,,,,,,,,,,,,26.7,17.3,30.3,21.9,105,13,36
1998-07-07,293.75,spot,167652,8467,42482,16866,110070,78169,32249,30135,,,,,,,,,,,,26.8,17.8,30.4,23.0,113,21,37
1998-07-14,293.35,spot,171176,6518,44177,18329,111476,76352,34853,32318,,,,,,,,,,,,28.0,17.4,32.3,22.3,105,16,37
1998-07-21,294.9,spot,170503,6425,40077,17941,111414,81205,34723,31280,,,,,,,,,,,,26.4,15.2,31.3,20.3,104,17,33
1998-07-28,290.6,spot,164221,7801,47568,16376,107815,67478,32229,32799,,,,,,,,,,,,24.3,16.6,30.0,21.9,109,19,38
1998-08-04,286.1,spot,179832,8618,67413,15518,124980,62611,30716,34290,,,,,,,,,,,,26.9,16.0,36.0,22.3,123,15,52
1998-08-11,284.8,spot,185167,9059,68769,16459,129913,65851,29736,34088,,,,,,,,,,,,27.4,16.9,34.7,23.9,124,16,52
1998-08-18,284.25,spot,195394,12089,71699,18020,133248,68147,32037,37528,,,,,,,,,,,,28.6,16.7,35.8,23.7,125,16,54
1998-08-25,283.05,spot,199774,10539,72049,16474,139764,72597,32997,38654,,,,,,,,,,,,28.4,16.3,35.8,23.1,128,15,57
1998-09-01,279.0,spot,207005,6779,76568,17178,150324,73995,32724,39264,,,,,,,,,,,,31.0,16.7,39.1,23.5,128,13,64
1998-09-08,285.4,spot,197099,7890,59215,16055,133363,81709,39791,40120,,,,,,,,,,,,26.9,16.4,33.6,23.1,117,16,48
1998-09-15,290.65,spot,173813,10405,30520,16957,109857,93866,36594,32470,,,,,,,,,,,,17.4,9.3,22.6,15.8,102,21,28
1998-09-22,288.9,spot,174705,13273,32286,17540,106870,96553,37022,28326,,,,,,,,,,,,15.6,9.9,19.6,15.9,108,23,30
1998-09-29,296.0,spot,175102,18982,24893,18329,97831,104569,39960,27311,,,,,,,,,,,,14.2,12.7,18.0,17.6,117,38,25
1998-10-06,294.65,spot,190174,36588,12919,19886,90267,132205,43433,25164,,,,,,,,,,,,12.3,24.1,16.9,28.2,129,49,21
1998-10-13,295.55,spot,187179,32954,12822,19568,92675,129522,41982,25267,,,,,,,,,,,,13.8,22.2,17.6,27.6,128,49,22
1998-10-20,295.4,spot,184842,29034,13243,20750,94588,123504,40470,27345,,,,,,,,,,,,16.0,23.8,21.0,28.3,124,45,25
1998-10-27,293.0,spot,184784,21174,13968,20406,106270,123022,36934,27388,,,,,,,,,,,,17.7,23.3,22.4,27.0,105,31,23
1998-11-03,288.6,spot,180415,9917,27612,21212,113225,100392,36061,31199,,,,,,,,,,,,18.4,16.4,23.4,20.9,112,22,42
1998-11-10,292.25,spot,172069,11354,18465,20259,100977,103687,39479,29658,,,,,,,,,,,,16.5,14.6,19.7,18.6,107,25,34
1998-11-17,293.8,spot,153511,15147,11960,19345,81854,96527,37165,25679,,,,,,,,,,,,12.7,13.7,17.0,19.4,105,31,24
1998-11-24,296.45,spot,150873,17284,10369,19069,76749,94409,37771,27026,,,,,,,,,,,,12.8,15.3,16.7,20.4,100,34,19
1998-12-01,293.3,spot,143535,12857,16775,20752,82066,80961,27860,25047,,,,,,,,,,,,14.8,12.0,19.2,16.9,106,30,26
1998-12-08,294.4,spot,145386,12306,17456,20964,82599,83223,29517,23743,,,,,,,,,,,,12.7,12.4,17.2,17.6,107,31,23
1998-12-15,292.55,spot,148455,8951,23617,20417,91654,77427,27433,26994,,,,,,,,,,,,13.1,13.4,20.6,17.8,103,22,32
1998-12-22,287.25,spot,158623,8703,35495,20515,101641,72653,27764,29960,,,,,,,,,,,,16.0,16.0,23.7,21.1,106,22,37
1998-12-29,286.95,spot,162536,8174,42760,20617,106847,69641,26898,29518,,,,,,,,,,,,16.1,14.7,24.7,20.4,107,21,39
1999-01-05,287.15,spot,173200,9127,53151,20578,115550,68930,27945,30541,,,,,,,,,,,,17.8,14.7,26.7,20.0,115,22,44
1999-01-12,289.8,spot,172413,11435,53161,17498,114634,74034,28846,27720,,,,,,,,,,,,19.8,13.6,26.1,18.8,123,25,48
1999-01-19,286.5,spot,184145,9596,64878,18845,124609,69290,31095,31132,,,,,,,,,,,,21.7,17.3,30.1,22.7,124,20,53
1999-01-26,287.1,spot,181330,9861,70853,15552,125046,60260,30871,34665,,,,,,,,,,,,24.6,18.1,35.4,23.7,120,21,53
1999-02-02,288.55,spot,181292,13654,73572,17962,122419,59582,27257,30176,,,,,,,,,,,,25.9,20.8,35.9,27.1,121,26,47
1999-02-09,287.0,spot,181688,10261,71310,17691,126315,64297,27421,28390,,,,,,,,,,,,28.8,21.3,37.9,28.0,117,25,42
1999-02-16,285.3,spot,185713,8862,77268,17046,131789,60983,28016,30416,,,,,,,,,,,,31.7,22.9,40.1,30.2,121,24,49
1999-02-23,286.7,spot,190553,8938,79003,17149,136697,64885,27769,29516,,,,,,,,,,,,34.2,22.7,42.3,29.9,121,22,50
1999-03-02,288.25,spot,191522,17147,75294,17527,127699,70785,29149,27916,,,,,,,,,,,,34.9,23.1,42.6,30.3,124,29,46
1999-03-09,292.95,spot,182305,32899,35104,18218,96704,102391,34484,26592,,,,,,,,,,,,22.5,15.8,29.2,24.7,130,38,36
1999-03-16,283.0,spot,165270,11160,39610,18412,103547,74584,32151,32664,,,,,,,,,,,,20.0,13.1,26.8,18.6,114,26,42
1999-03-23,284.1,spot,174143,7997,62020,17489,118186,62293,30471,32341,,,,,,,,,,,,27.9,13.3,35.8,21.1,120,17,54
1999-03-30,279.6,spot,187558,6836,87076,17987,134373,52219,28362,30276,,,,,,,,,,,,34.1,20.1,42.4,27.9,123,18,60
1999-04-06,278.5,spot,196125,9350,97713,18249,139047,47357,29479,32806,,,,,,,,,,,,35.7,24.6,44.9,31.8,127,22,59
1999-04-13,283.45,spot,196091,11955,93046,17417,135918,53306,30801,32322,,,,,,,,,,,,36.5,24.4,44.6,32.7,124,25,52
1999-04-20,284.35,spot,196996,12075,85765,18901,137066,62025,28954,30305,,,,,,,,,,,,36.8,24.3,44.4,32.1,127,24,53
1999-04-27,281.05,spot,204378,14087,94179,18487,142084,58108,29720,33604,,,,,,,,,,,,36.8,24.0,44.3,34.6,127,27,52
1999-05-04,285.3,spot,193275,18454,68306,17778,121417,79119,35626,28072,,,,,,,,,,,,32.4,24.8,39.4,31.9,130,30,43
1999-05-11,279.45,spot,187427,12626,75976,18677,118496,58436,37628,34338,,,,,,,,,,,,29.0,24.2,35.6,32.2,121,25,48
1999-05-18,275.05,spot,196892,8173,88719,20960,134284,55652,33475,31561,,,,,,,,,,,,25.1,23.2,35.9,30.2,132,22,56
1999-05-25,271.7,spot,199633,7689,93127,19482,139741,51666,32721,35358,,,,,,,,,,,,29.1,23.7,38.5,29.4,125,19,59
1999-06-01,266.85,spot,198487,9625,88396,18662,141084,58694,29116,32735,,,,,,,,,,,,29.1,22.1,39.2,28.4,132,25,57
1999-06-08,262.35,spot,203955,9281,94516,19173,142345,54138,33156,36128,,,,,,,,,,,,26.1,20.8,35.9,26.9,127,21,61
1999-06-15,260.0,spot,212568,10132,95118,20463,147656,61240,34317,35747,,,,,,,,,,,,26.7,19.2,36.9,25.6,147,23,71
1999-06-22,258.55,spot,213680,9930,96789,21024,147990,61086,34736,34781,,,,,,,,,,,,29.3,19.7,39.7,26.4,146,22,71
1999-06-29,262.0,spot,208222,8971,92582,20522,142021,60945,36708,34173,,,,,,,,,,,,30.3,20.5,42.3,27.6,140,19,68
1999-07-06,257.6,spot,218365,8728,95291,23030,142531,60534,44076,39510,,,,,,,,,,,,30.0,18.8,41.4,26.2,137,23,68
1999-07-13,254.65,spot,211594,9914,88774,21555,144152,62918,35973,38347,,,,,,,,,,,,32.5,21.1,45.7,28.5,146,27,63
1999-07-20,252.8,spot,206266,10323,89538,20112,141284,59797,34547,36819,,,,,,,,,,,,35.2,21.4,46.7,28.5,138,26,64
1999-07-27,254.6,spot,198760,13624,81518,19872,131089,60265,34175,37105,,,,,,,,,,,,30.8,22.0,39.8,29.0,132,32,53
1999-08-03,256.0,spot,188933,17758,74198,17527,122268,66222,31380,30986,,,,,,,,,,,,28.1,20.6,36.5,27.7,139,33,52
1999-08-10,256.5,spot,193698,15272,70336,15362,127509,78111,35555,29889,,,,,,,,,,,,27.3,20.8,34.7,27.8,140,33,51
1999-08-17,259.65,spot,191776,21260,56502,15372,114180,92288,40964,27614,,,,,,,,,,,,21.1,22.1,28.3,28.5,140,39,41
1999-08-24,253.4,spot,191040,16211,75298,14261,124090,68671,36478,32810,,,,,,,,,,,,21.2,19.9,31.5,25.3,143,31,57
1999-08-31,254.8,spot,198692,17219,78710,14938,130394,71153,36141,33891,,,,,,,,,,,,24.3,22.2,35.6,27.5,141,31,55
1999-09-07,255.6,spot,201266,16931,79841,15882,130654,70246,37799,35297,,,,,,,,,,,,25.3,24.1,33.6,29.3,141,29,59
1999-09-14,256.75,spot,201806,18500,72632,13644,130041,78513,39621,37017,,,,,,,,,,,,23.8,25.9,32.5,31.1,136,30,53
1999-09-21,258.85,spot,205259,27235,65077,14386,120486,90995,43152,34801,,,,,,,,,,,,23.5,29.6,30.8,34.9,137,40,43
1999-09-28,301.5,spot,225467,47881,62196,16509,102879,105629,58198,41133,,,,,,,,,,,,14.9,27.0,21.8,33.8,157,55,45
1999-10-05,325.5,spot,215041,43094,64951,18741,105128,92730,48078,38619,,,,,,,,,,,,15.6,17.5,22.0,27.2,153,57,46
1999-10-12,320.25,spot,216938,35722,52723,21652,114325,112367,45239,30196,,,,,,,,,,,,14.3,13.1,20.6,22.0,148,52,46
1999-10-19,309.5,spot,223090,35601,52897,21582,122130,119616,43777,28995,,,,,,,,,,,,10.3,12.2,15.9,20.6,150,50,51
1999-10-26,296.4,spot,217916,33470,47085,20800,122596,120181,41050,29850,,,,,,,,,,,,9.4,11.4,15.0,18.7,140,44,45
1999-11-02,290.75,spot,208907,27786,43069,20582,121293,117147,39246,28109,,,,,,,,,,,,8.8,9.4,14.8,16.6,132,33,48
1999-11-09,290.75,spot,203057,23669,42788,19002,121448,111331,38938,29936,,,,,,,,,,,,11.5,10.8,18.1,18.1,127,33,46
1999-11-16,294.25,spot,182148,28090,25319,17969,96271,112823,39818,26037,,,,,,,,,,,,10.6,15.2,16.6,24.1,112,39,26
1999-11-23,297.25,spot,171564,33610,24256,17285,81966,105069,38703,24954,,,,,,,,,,,,11.9,16.0,18.6,25.8,114,38,27
1999-11-30,291.35,spot,163574,31811,25682,16128,79135,95935,36500,25829,,,,,,,,,,,,15.4,15.4,22.3,24.1,111,32,29
1999-12-07,279.25,spot,156712,24409,27381,16289,84902,85788,31112,27254,,,,,,,,,,,,15.4,15.1,21.7,22.3,110,28,35
1999-12-14,279.25,spot,155142,10261,30814,14959,99201,82783,30721,26586,,,,,,,,,,,,12.1,11.4,19.1,17.5,101,23,33
1999-12-21,282.75,spot,156318,11393,39362,18962,102262,83833,23701,14161,,,,,,,,,,,,12.6,13.8,18.9,19.9,179,29,50
1999-12-28,287.3,spot,156526,10876,39829,19186,101938,83816,24526,13695,,,,,,,,,,,,12.8,13.8,19.1,19.2,177,26,50
2000-01-04,281.5,spot,155835,12360,41068,18440,102766,80116,22269,16211,,,,,,,,,,,,14.2,13.5,20.7,18.7,180,29,52
2000-01-11,282.25,spot,157326,17699,41917,18428,100041,81647,21158,15334,,,,,,,,,,,,16.3,13.5,23.3,18.7,184,29,60
2000-01-18,285.8,spot,148055,19895,26998,21104,84768,85786,22288,14167,,,,,,,,,,,,14.5,16.0,21.3,20.7,168,32,44
2000-01-25,288.0,spot,142913,19469,25003,21062,78940,83689,23442,13159,,,,,,,,,,,,13.7,20.2,20.4,24.8,128,38,36
2000-02-01,283.0,spot,134305,19414,28247,18061,78709,73869,18121,14128,,,,,,,,,,,,16.3,15.6,23.8,20.4,120,29,45
2000-02-08,296.25,spot,153976,40614,31600,18110,69057,93527,26195,10739,,,,,,,,,,,,14.3,25.3,20.9,31.6,145,52,40
2000-02-15,304.25,spot,157231,42107,21410,17973,69135,105530,28016,12318,,,,,,,,,,,,15.9,20.7,23.1,28.9,140,51,36
2000-02-22,302.25,spot,168125,52079,21071,17715,69951,116433,28380,12906,,,,,,,,,,,,20.3,21.5,28.9,31.9,140,48,39
2000-02-29,293.65,spot,166509,41099,22312,19417,80273,111356,25720,13424,,,,,,,,,,,,21.8,19.2,30.3,29.1,133,45,42
2000-03-07,289.75,spot,161362,38403,19732,11737,80997,108116,30225,21777,,,,,,,,,,,,22.8,20.9,30.7,30.7,126,44,38
2000-03-14,288.75,spot,161540,34577,17282,18578,86418,110852,21967,14828,,,,,,,,,,,,23.9,22.2,31.0,31.8,122,40,37
2000-03-21,285.15,spot,164397,33068,18135,19256,90849,110567,21224,16439,,,,,,,,,,,,24.6,24.2,32.0,33.6,123,40,38
2000-03-28,280.65,spot,150712,15152,29437,16597,98639,85603,20324,19075,,,,,,,,,,,,23.2,26.3,31.5,33.8,122,31,50
2000-04-04,276.85,spot,155378,19129,42440,17628,98801,76842,19820,18468,,,,,,,,,,,,24.5,27.1,33.0,34.0,141,41,57
2000-04-11,282.5,spot,153144,18432,40617,17784,96251,75006,20677,19737,,,,,,,,,,,,24.6,26.7,32.9,33.6,132,35,52
2000-04-18,281.1,spot,153546,18580,38933,17906,95886,77253,21174,19454,,,,,,,,,,,,25.6,27.3,34.4,34.6,134,40,51
2000-04-25,279.5,spot,156486,17428,44970,19327,100286,71993,19445,20196,,,,,,,,,,,,26.3,26.8,35.6,35.1,139,40,55
2000-05-02,275.45,spot,168231,18529,51124,22114,107120,72779,20468,22214,,,,,,,,,,,,24.2,25.8,34.5,33.6,151,43,61
2000-05-09,276.3,spot,162759,19708,45430,21588,100796,76508,20667,19233,,,,,,,,,,,,22.7,28.3,33.2,37.0,140,45,49
2000-05-16,276.0,spot,160373,15748,45278,22850,97133,71449,24642,20796,,,,,,,,,,,,20.9,30.3,31.1,37.8,120,34,42
2000-05-23,274.05,spot,163062,17625,53467,18804,102216,69092,24417,21699,,,,,,,,,,,,22.3,28.0,32.8,36.4,129,32,52
2000-05-30,273.15,spot,159156,19861,60485,17196,102206,59616,19893,21859,,,,,,,,,,,,23.8,25.3,35.3,34.2,126,35,52
2000-06-06,288.4,spot,140841,26029,30046,15411,79617,81597,19784,13787,,,,,,,,,,,,24.1,39.5,35.0,44.5,125,39,42
2000-06-13,291.5,spot,141504,31474,16814,14848,72711,97773,22471,12069,,,,,,,,,,,,22.1,41.2,33.7,47.0,129,46,32
2000-06-20,286.2,spot,143814,32680,13622,14257,72771,103693,24106,12242,,,,,,,,,,,,22.0,42.3,33.1,48.6,130,46,34
2000-06-27,283.8,spot,143700,31821,15602,15406,76236,101409,20237,11283,,,,,,,,,,,,22.4,38.8,32.4,45.1,127,47,30
2000-07-05,286.85,spot,150096,31351,15523,15291,81135,107920,22319,11362,,,,,,,,,,,,21.3,37.7,32.2,43.8,128,44,32
2000-07-11,282.85,spot,146022,29093,16695,15376,82973,101830,18580,12121,,,,,,,,,,,,23.6,37.8,34.7,42.9,120,36,39
2000-07-18,282.75,spot,136090,26606,17591,16309,72418,88264,20757,13926,,,,,,,,,,,,24.3,36.0,36.8,43.0,115,34,36
2000-07-25,279.7,spot,122177,24352,20809,15340,61847,69338,20638,16690,,,,,,,,,,,,23.5,28.7,35.2,35.3,110,32,38
2000-08-01,277.6,spot,111188,23120,28717,15283,54380,49413,18405,17775,,,,,,,,,,,,20.0,24.2,30.7,29.4,117,32,42
2000-08-08,273.1,spot,122540,21171,46194,16280,67758,40607,17331,19459,,,,,,,,,,,,22.3,20.2,33.0,28.3,128,32,54
2000-08-15,274.15,spot,132994,19597,52483,16223,78853,43753,18321,20535,,,,,,,,,,,,22.4,19.2,32.9,26.5,130,33,56
2000-08-22,273.4,spot,130211,22255,48476,15989,74630,45762,17337,19984,,,,,,,,,,,,20.9,18.8,31.6,24.7,124,33,49
2000-08-29,274.0,spot,132014,22128,50766,15807,75631,45785,18448,19656,,,,,,,,,,,,20.8,19.7,31.5,24.4,126,33,52
2000-09-05,275.8,gc_futuro,125433,23403,42285,14611,67240,48772,20179,19765,,,,,,,,,,,,20.7,19.0,31.8,26.7,123,36,48
2000-09-12,272.9,gc_futuro,133431,22031,49029,16090,73339,46655,21971,21657,,,,,,,,,,,,21.9,20.0,33.1,28.0,127,35,52
2000-09-19,271.9,gc_futuro,137565,22874,53435,14944,77684,46399,22063,22787,,,,,,,,,,,,22.2,22.6,33.2,30.2,128,38,50
2000-09-26,273.9,gc_futuro,133035,24033,49984,10800,75429,49827,22773,22424,,,,,,,,,,,,21.8,21.5,32.5,30.1,133,42,48
2000-10-03,271.6,gc_futuro,124815,23444,43555,11252,68457,51489,21662,18519,,,,,,,,,,,,23.2,19.5,34.5,30.2,132,42,47
2000-10-10,272.4,gc_futuro,134015,25477,51003,11783,73756,51341,22999,19888,,,,,,,,,,,,24.5,20.1,35.5,30.6,134,46,48
2000-10-17,271.1,gc_futuro,129680,29308,46045,11103,66289,52572,22980,19960,,,,,,,,,,,,20.7,20.6,31.9,31.1,135,43,52
2000-10-24,270.1,gc_futuro,135064,30738,49309,11771,70588,53438,21967,20546,,,,,,,,,,,,20.7,21.0,31.0,29.3,133,43,52
2000-10-31,264.9,gc_futuro,137818,24308,56030,11363,80001,48155,22146,22270,,,,,,,,,,,,21.9,19.8,30.7,27.5,140,45,54
2000-11-07,264.3,gc_futuro,138300,22498,56618,12891,81661,48216,21250,20575,,,,,,,,,,,,22.8,18.6,31.6,26.3,141,43,56
2000-11-14,264.9,gc_futuro,140258,16145,61121,10462,90323,47484,23328,21191,,,,,,,,,,,,28.4,18.1,37.9,25.8,132,31,58
2000-11-21,265.7,gc_futuro,132633,16495,62951,9343,84678,39827,22117,20512,,,,,,,,,,,,29.3,19.1,39.4,26.6,131,32,60
2000-11-28,269.8,gc_futuro,124950,16405,52606,9615,75542,43041,23388,19688,,,,,,,,,,,,29.4,18.8,40.0,30.8,125,32,52
2000-12-05,270.4,gc_futuro,113455,16902,43823,8336,65082,43640,23135,17656,,,,,,,,,,,,25.8,20.9,37.1,33.6,126,38,48
2000-12-12,270.3,gc_futuro,110455,18834,36776,8766,60144,49041,22711,15872,,,,,,,,,,,,22.1,24.8,33.6,36.7,122,44,40
2000-12-19,269.7,gc_futuro,114708,17208,39376,9458,65914,49079,22128,16795,,,,,,,,,,,,22.5,25.0,33.2,36.3,121,41,42
2000-12-26,274.1,gc_futuro,114850,18940,33199,9023,63002,56717,23885,15911,,,,,,,,,,,,23.8,26.8,33.5,37.7,120,42,39
2001-01-02,268.4,gc_futuro,114491,17745,41480,9709,68027,47517,19010,15785,,,,,,,,,,,,24.3,18.7,34.4,30.4,125,38,48
2001-01-09,267.5,gc_futuro,126527,15778,54004,10348,81142,42641,19259,19534,,,,,,,,,,,,24.7,21.2,36.3,29.6,137,36,58
2001-01-16,263.3,gc_futuro,139180,13743,70903,9195,96907,37419,19335,21663,,,,,,,,,,,,29.1,20.5,39.9,27.8,145,36,67
2001-01-23,266.1,gc_futuro,140120,15626,73324,9262,93293,36630,21939,20904,,,,,,,,,,,,29.1,22.1,39.1,29.5,141,34,67
2001-01-30,265.5,gc_futuro,141156,18847,72662,6853,97509,41884,17947,19757,,,,,,,,,,,,29.4,22.6,40.1,32.2,143,39,62
2001-02-06,263.3,gc_futuro,135682,16396,69102,6865,93974,39671,18447,20044,,,,,,,,,,,,31.0,23.4,43.2,33.2,141,38,62
2001-02-13,260.3,gc_futuro,143725,15639,74611,8086,102809,40634,17191,20394,,,,,,,,,,,,33.2,23.6,45.4,32.8,146,38,63
2001-02-20,256.1,gc_futuro,148782,16291,83022,7233,106088,38562,19170,19965,,,,,,,,,,,,33.9,25.0,45.1,33.7,145,35,65
2001-02-27,267.4,gc_futuro,143173,17753,68548,10447,92299,44440,22674,19738,,,,,,,,,,,,31.1,24.3,44.2,34.9,132,38,52
2001-03-06,259.9,gc_futuro,133440,17806,59788,10847,84196,43989,20591,18816,,,,,,,,,,,,28.8,23.2,41.5,33.2,128,35,50
2001-03-13,266.8,gc_futuro,126821,19050,43294,9806,72102,58437,25863,15284,,,,,,,,,,,,23.9,21.1,33.5,30.4,122,38,39
2001-03-20,260.5,gc_futuro,123758,11598,49567,10794,79069,46841,22297,16556,,,,,,,,,,,,23.0,19.8,30.7,27.0,120,30,45
2001-03-27,261.0,gc_futuro,122944,12006,45310,10031,78979,49332,21928,18271,,,,,,,,,,,,19.8,18.3,28.7,25.9,123,33,48
2001-04-03,256.8,gc_futuro,118398,10226,61580,8202,79740,28757,20230,19859,,,,,,,,,,,,28.5,21.8,39.3,28.8,134,28,60
2001-04-10,257.3,gc_futuro,130116,10961,69094,10178,88319,30329,20658,20515,,,,,,,,,,,,29.8,21.9,41.6,29.2,135,28,63
2001-04-17,261.1,gc_futuro,122146,10091,55660,9671,79692,37051,22692,19764,,,,,,,,,,,,30.2,18.9,40.1,25.6,128,25,59
2001-04-24,264.1,gc_futuro,114900,11752,46763,9712,69126,41204,24310,17221,,,,,,,,,,,,27.1,18.0,35.7,25.0,123,30,48
2001-05-01,264.4,gc_futuro,110868,12738,40708,11148,61633,41814,25349,17198,,,,,,,,,,,,20.3,18.3,29.7,24.8,116,30,45
2001-05-08,265.1,gc_futuro,109018,12867,38655,11083,60306,43059,24762,16221,,,,,,,,,,,,22.3,14.5,32.1,21.2,118,32,44
2001-05-15,268.1,gc_futuro,106947,28829,27298,12261,38943,52858,26914,14530,,,,,,,,,,,,14.7,18.4,23.5,25.4,121,42,36
2001-05-22,285.1,gc_futuro,133866,53505,14569,12107,27867,93117,40387,14073,,,,,,,,,,,,15.0,27.0,22.0,39.3,140,62,33
2001-05-29,273.8,gc_futuro,133990,55117,11881,11191,31273,99716,36409,11202,,,,,,,,,,,,16.6,36.2,24.2,47.4,137,58,31
2001-06-05,265.7,gc_futuro,109182,34718,9707,10264,36233,78547,27967,10664,,,,,,,,,,,,16.9,32.4,24.1,44.3,116,45,24
2001-06-12,271.5,gc_futuro,114065,32243,13688,9524,42617,79161,29681,11692,,,,,,,,,,,,16.6,30.7,25.1,42.4,116,40,30
2001-06-19,273.4,gc_futuro,118500,33983,14981,9651,45070,85297,29796,8571,,,,,,,,,,,,16.9,32.0,26.2,43.4,116,40,32
2001-06-26,276.2,gc_futuro,125033,37204,15131,9993,45563,90256,32273,9653,,,,,,,,,,,,16.2,31.9,26.4,43.4,120,44,28
2001-07-03,267.6,gc_futuro,117731,32764,16594,11009,47467,80059,26491,10069,,,,,,,,,,,,17.3,31.1,27.9,40.2,124,40,38
2001-07-10,266.2,gc_futuro,118688,31178,20576,11231,50380,74912,25899,11969,,,,,,,,,,,,17.4,27.0,27.6,35.5,123,39,45
2001-07-17,268.1,gc_futuro,116292,30150,19384,11886,47165,72672,27091,12350,,,,,,,,,,,,16.8,28.2,25.5,36.7,123,39,41
2001-07-24,269.7,gc_futuro,111764,31387,18013,11642,40651,69562,28084,12547,,,,,,,,,,,,16.9,29.0,25.2,37.4,121,41,38
2001-07-31,266.2,gc_futuro,100943,24089,26795,10209,41533,47679,25112,16260,,,,,,,,,,,,19.8,28.9,28.0,37.1,122,37,48
2001-08-07,267.2,gc_futuro,98582,25067,26757,10193,38190,45328,25132,16304,,,,,,,,,,,,17.8,25.9,26.0,33.2,123,36,49
2001-08-14,276.3,gc_futuro,119311,50435,17566,10118,26735,81962,32023,9665,,,,,,,,,,,,16.6,28.4,22.2,40.4,139,64,33
2001-08-21,275.0,gc_futuro,131631,57049,17515,11279,28387,92799,34916,10038,,,,,,,,,,,,18.0,34.2,24.6,47.4,133,62,27
2001-08-28,272.3,gc_futuro,120108,46567,18745,11507,29845,80697,32189,9159,,,,,,,,,,,,17.1,35.9,24.7,47.5,128,54,30
2001-09-04,271.6,gc_futuro,121687,44767,18850,12236,31650,81489,33034,9112,,,,,,,,,,,,16.2,35.8,23.5,46.6,130,53,34
2001-09-10,271.6,gc_futuro,119518,42337,21513,11892,34261,77504,31028,8609,,,,,,,,,,,,15.9,36.3,25.0,46.1,126,49,36
2001-09-18,288.1,gc_futuro,120062,47155,18007,11812,29086,78542,32009,11701,,,,,,,,,,,,16.7,39.7,25.3,49.1,129,56,30
2001-09-25,290.5,gc_futuro,129840,55700,19062,9953,24492,82834,39695,17991,,,,,,,,,,,,17.6,37.5,24.8,48.0,132,61,29
2001-10-02,289.9,gc_futuro,132653,54976,19721,9828,27883,95005,39966,8099,,,,,,,,,,,,18.0,37.7,23.4,50.3,137,62,33
2001-10-09,288.9,gc_futuro,134663,53926,21148,10207,31042,95771,39488,7537,,,,,,,,,,,,18.5,39.1,24.0,51.6,136,60,34
2001-10-16,282.3,gc_futuro,126767,43774,19686,11104,36316,88132,35573,7845,,,,,,,,,,,,17.0,38.8,25.3,50.9,122,51,29
2001-10-23,276.1,gc_futuro,117875,35467,20788,11879,37139,62330,33390,22878,,,,,,,,,,,,17.8,30.6,26.0,38.9,121,52,28
2001-10-30,280.6,gc_futuro,118614,32041,19881,12142,44910,78109,29521,8482,,,,,,,,,,,,18.4,35.1,25.9,43.5,120,47,32
2001-11-06,279.7,gc_futuro,115880,32582,19052,13655,41334,76769,28309,6404,,,,,,,,,,,,16.5,37.3,24.5,45.8,117,48,30
2001-11-13,277.8,gc_futuro,111255,29312,23885,8899,46091,69728,26953,8743,,,,,,,,,,,,18.9,35.9,30.2,44.4,108,33,33
2001-11-20,273.0,gc_futuro,115326,25380,34553,9393,51619,54108,28934,17272,,,,,,,,,,,,23.6,24.2,34.2,35.5,109,32,40
2001-11-27,273.2,gc_futuro,111942,23633,35773,9280,53349,51611,25680,15278,,,,,,,,,,,,25.1,22.9,35.7,33.6,106,31,40
2001-12-04,275.4,gc_futuro,105023,26142,36171,9775,43346,45880,25760,13197,,,,,,,,,,,,24.5,22.6,34.3,32.6,111,32,40
2001-12-11,272.2,gc_futuro,115485,25806,47523,10014,54864,41238,24801,16710,,,,,,,,,,,,23.9,22.0,33.7,31.5,113,32,44
2001-12-18,280.4,gc_futuro,110873,30819,31680,11673,41158,56356,27223,11164,,,,,,,,,,,,21.2,26.1,29.3,36.5,115,41,36
2001-12-21,278.0,gc_futuro,110971,28075,30978,11003,46856,58832,25037,10158,,,,,,,,,,,,21.4,25.6,28.5,36.4,105,34,33
2001-12-28,276.5,gc_futuro,113672,28829,29474,10727,47939,62494,26177,10977,,,,,,,,,,,,21.8,27.8,29.0,38.7,104,38,28
2002-01-08,278.9,gc_futuro,113020,29232,23876,10423,43737,67779,29628,10942,,,,,,,,,,,,16.8,26.9,22.8,35.6,114,42,31
2002-01-15,284.4,gc_futuro,128197,47510,18069,10192,36265,90203,34230,9733,,,,,,,,,,,,14.1,36.5,20.7,44.4,122,57,25
2002-01-22,281.5,gc_futuro,132005,44800,18871,11266,41689,92648,34250,9220,,,,,,,,,,,,14.5,40.3,21.4,47.3,123,57,22
2002-01-29,281.4,gc_futuro,124540,29044,16610,11605,53566,85081,30325,11244,,,,,,,,,,,,15.1,37.0,22.4,42.9,113,49,26
2002-02-05,298.2,gc_futuro,138370,53810,19722,10579,41428,99608,32553,8461,,,,,,,,,,,,14.0,32.9,21.8,43.5,141,73,25
2002-02-12,300.7,gc_futuro,148022,61706,25373,11969,37963,100186,36384,10494,,,,,,,,,,,,14.5,34.2,21.2,44.3,154,80,31
2002-02-19,293.2,gc_futuro,148242,61748,27384,12218,38355,98409,35921,10231,,,,,,,,,,,,14.8,35.8,21.7,47.8,147,73,32
2002-02-26,298.0,gc_futuro,144384,58404,29325,12560,36376,92785,37044,9714,,,,,,,,,,,,12.4,33.7,19.2,45.0,151,75,36
2002-03-05,294.0,gc_futuro,144154,55673,25211,12843,37550,96216,38088,9884,,,,,,,,,,,,12.6,36.5,19.6,47.2,146,71,34
2002-03-12,293.6,gc_futuro,140978,50525,20039,14319,36820,95327,39314,11293,,,,,,,,,,,,10.8,39.8,18.0,49.3,136,71,26
2002-03-19,292.8,gc_futuro,140007,48393,20406,14291,38406,94525,38917,10785,,,,,,,,,,,,10.8,38.9,18.4,48.6,139,72,29
2002-03-26,296.6,gc_futuro,148479,53695,19301,15942,38055,103943,40787,9293,,,,,,,,,,,,12.4,38.2,19.6,50.5,147,74,27
2002-04-02,305.9,gc_futuro,153322,62448,24787,14069,33449,105362,43356,9104,,,,,,,,,,,,12.6,37.4,19.3,49.1,160,84,29
2002-04-09,298.8,gc_futuro,152187,63780,27273,13746,34255,101786,40406,9382,,,,,,,,,,,,13.2,39.1,20.5,50.8,159,79,35
2002-04-16,298.8,gc_futuro,154615,58851,26769,15006,40119,103285,40639,9555,,,,,,,,,,,,13.5,37.9,20.8,49.0,158,76,37
2002-04-23,304.0,gc_futuro,162580,65168,25503,14927,39629,112332,42856,9818,,,,,,,,,,,,14.2,37.9,21.5,49.3,164,85,31
2002-04-30,308.9,gc_futuro,180829,73449,27382,17248,42451,124832,47681,11367,,,,,,,,,,,,13.5,38.3,19.8,49.3,168,87,34
2002-05-07,311.6,gc_futuro,192242,76757,32322,18859,46163,128868,50463,12193,,,,,,,,,,,,14.1,39.9,20.5,50.0,181,93,40
2002-05-14,307.3,gc_futuro,191721,70071,32232,17224,52774,129726,51652,12539,,,,,,,,,,,,14.0,39.9,19.9,52.0,165,90,24
2002-05-21,315.8,gc_futuro,189679,75332,28418,16525,45289,133932,52533,10804,,,,,,,,,,,,13.5,38.2,19.3,52.2,171,97,25
2002-05-28,323.9,gc_futuro,190444,75210,33887,13883,44076,131508,57275,11166,,,,,,,,,,,,12.0,37.3,17.9,51.6,172,94,26
2002-06-04,327.8,gc_futuro,181999,73044,31101,14486,40497,125717,53972,10695,,,,,,,,,,,,12.9,35.9,18.9,48.2,174,94,30
2002-06-11,319.7,gc_futuro,171476,68206,21750,16566,44066,121249,42638,11911,,,,,,,,,,,,10.8,40.7,17.1,50.9,162,85,28
2002-06-18,319.2,gc_futuro,169101,63445,22204,17633,44277,117060,43746,12204,,,,,,,,,,,,10.0,39.5,16.2,48.4,155,81,30
2002-06-25,320.2,gc_futuro,176291,62956,24989,18420,47064,121261,47851,11621,,,,,,,,,,,,9.6,39.9,15.8,48.5,161,76,38
2002-07-02,312.8,gc_futuro,167318,53434,23361,19866,48192,114067,45826,10024,,,,,,,,,,,,7.2,41.8,13.1,51.4,157,77,33
2002-07-09,316.1,gc_futuro,169837,45598,22970,19320,54081,115807,50838,11740,,,,,,,,,,,,7.4,40.6,12.2,48.2,157,77,31
2002-07-16,317.2,gc_futuro,173241,47062,23151,19092,55729,120093,51358,10905,,,,,,,,,,,,7.2,42.2,12.5,50.3,164,86,26
2002-07-23,312.7,gc_futuro,171233,48196,21958,19070,51743,118696,52224,11509,,,,,,,,,,,,7.6,42.8,12.8,51.1,166,87,27
2002-07-30,303.7,gc_futuro,147221,27460,27075,16648,63814,96047,39299,7451,,,,,,,,,,,,8.5,41.7,14.1,46.9,147,62,32
2002-08-06,305.5,gc_futuro,140484,24859,23882,14521,58217,89596,42887,12485,,,,,,,,,,,,9.1,36.9,15.2,43.9,139,58,31
2002-08-13,314.2,gc_futuro,144723,25632,26108,14875,63031,92463,41185,11277,,,,,,,,,,,,11.8,34.8,18.4,44.3,145,63,30
2002-08-20,308.7,gc_futuro,149693,28280,23572,15629,63419,97708,42365,12784,,,,,,,,,,,,10.2,36.8,17.1,45.3,143,69,24
2002-08-27,312.3,gc_futuro,150531,27532,25150,16028,63271,97340,43700,12013,,,,,,,,,,,,11.4,37.0,17.7,45.6,144,73,21
2002-09-03,313.4,gc_futuro,149202,29706,23591,15707,57919,98586,45870,11318,,,,,,,,,,,,11.8,37.7,17.3,46.5,144,74,22
2002-09-10,317.9,gc_futuro,161170,45693,25872,15349,49522,110002,50606,9947,,,,,,,,,,,,11.2,38.1,15.9,49.1,162,93,21
2002-09-17,317.0,gc_futuro,164036,46110,20924,14975,50462,116966,52489,11171,,,,,,,,,,,,11.2,37.4,15.4,48.6,156,93,15
2002-09-24,325.9,gc_futuro,187501,68074,25893,13362,49259,137650,56806,10596,,,,,,,,,,,,13.3,36.0,18.3,50.4,180,101,24
2002-10-01,320.9,gc_futuro,178261,67739,25037,14793,44523,128220,51206,10211,,,,,,,,,,,,13.1,39.3,19.0,52.6,171,89,24
2002-10-08,318.2,gc_futuro,173762,61992,24320,14984,46732,123359,50054,11099,,,,,,,,,,,,11.3,39.7,18.2,52.6,166,88,27
2002-10-15,312.6,gc_futuro,158344,40830,24916,15475,56350,105202,45689,12751,,,,,,,,,,,,10.6,41.0,17.1,52.9,151,71,28
2002-10-22,313.0,gc_futuro,155085,34838,25376,15556,58942,100539,45749,13614,,,,,,,,,,,,11.9,37.8,18.1,47.5,145,64,32
2002-10-29,317.7,gc_futuro,152205,33696,18365,16399,56328,105184,45782,12257,,,,,,,,,,,,13.8,31.3,19.8,44.3,142,63,29
2002-11-05,318.2,gc_futuro,152269,38982,18997,15799,49341,106044,48147,11429,,,,,,,,,,,,14.3,33.8,20.9,47.4,144,67,29
2002-11-12,324.5,gc_futuro,174682,57600,20693,18546,43611,122035,54925,13408,,,,,,,,,,,,12.3,34.0,18.7,48.1,159,81,30
2002-11-19,318.6,gc_futuro,169985,56665,18809,18411,43159,118941,51750,13824,,,,,,,,,,,,13.0,36.3,19.6,49.8,156,85,25
2002-11-26,317.7,gc_futuro,166371,52488,14934,16638,47799,119364,49446,15435,,,,,,,,,,,,14.3,39.8,20.8,54.9,126,78,9
2002-12-03,320.2,gc_futuro,158433,48545,15584,16944,41407,109565,51537,16340,,,,,,,,,,,,13.9,37.2,19.7,53.7,132,81,9
2002-12-10,323.5,gc_futuro,180754,73216,21857,13926,37865,128689,55747,16282,,,,,,,,,,,,16.0,36.6,21.6,54.1,157,97,14
2002-12-17,337.4,gc_futuro,205550,86949,31749,15914,36725,138211,65962,19676,,,,,,,,,,,,14.2,34.3,19.9,52.5,169,96,25
2002-12-23,345.1,gc_futuro,201761,86100,28995,15893,36551,140004,63217,16869,,,,,,,,,,,,12.5,38.9,18.6,56.5,175,97,29
2002-12-31,347.6,gc_futuro,206914,88002,28497,17128,39250,143666,62534,17623,,,,,,,,,,,,12.3,36.9,18.5,55.0,173,99,22
2003-01-07,347.3,gc_futuro,215299,93664,30101,17965,40513,149899,63157,17334,,,,,,,,,,,,12.4,36.4,18.7,52.5,174,100,24
2003-01-14,352.0,gc_futuro,214684,93046,32384,18688,38005,142982,64945,20630,,,,,,,,,,,,13.5,36.4,19.8,52.9,178,100,27
2003-01-21,357.3,gc_futuro,218286,95013,33331,19498,35901,144173,67874,21284,,,,,,,,,,,,13.7,35.8,20.2,52.1,181,100,30
2003-01-28,370.0,gc_futuro,229819,91912,35045,23931,36327,149177,77649,21666,,,,,,,,,,,,14.6,36.1,20.6,52.3,170,96,30
2003-02-04,379.0,gc_futuro,241161,105154,38340,23149,35779,162286,77079,17386,,,,,,,,,,,,16.0,36.4,21.9,54.3,189,109,29
2003-02-11,362.5,gc_futuro,216608,89620,39511,21427,45786,140146,59775,15524,,,,,,,,,,,,15.2,37.8,21.4,54.8,172,91,28
2003-02-14,351.9,gc_futuro,202671,69759,33952,21318,54707,132506,56887,14895,,,,,,,,,,,,12.1,38.2,19.1,54.6,165,91,27
2003-02-25,352.3,gc_futuro,196138,60864,33899,20640,57629,126289,57005,15310,,,,,,,,,,,,8.7,38.4,14.9,54.3,171,84,32
2003-03-04,353.2,gc_futuro,189928,60149,29173,19226,56069,127232,54484,14297,,,,,,,,,,,,9.3,41.7,15.6,57.7,160,80,26
2003-03-11,350.5,gc_futuro,193841,62022,28473,21363,56078,130668,54378,13337,,,,,,,,,,,,10.1,41.7,16.8,58.1,167,90,24
2003-03-18,337.6,gc_futuro,189983,51897,30476,21117,65053,121895,51916,16495,,,,,,,,,,,,13.3,40.6,18.9,53.4,164,89,27
2003-03-25,328.4,gc_futuro,182966,45220,15690,19943,73435,130380,44368,16953,,,,,,,,,,,,16.9,40.0,23.0,52.6,158,77,29
2003-04-01,334.3,gc_futuro,171558,40659,16292,18959,69948,119919,41992,16388,,,,,,,,,,,,16.6,37.1,23.4,51.0,152,73,22
2003-04-08,322.2,gc_futuro,173293,45496,19799,18169,66333,118940,43295,16385,,,,,,,,,,,,17.0,35.0,23.3,49.4,165,82,25
2003-04-15,324.9,gc_futuro,180817,47667,26362,20057,67965,116587,45128,17811,,,,,,,,,,,,17.3,30.6,24.0,45.3,170,83,27
2003-04-22,334.4,gc_futuro,177869,50301,25224,20813,62217,114835,44538,16997,,,,,,,,,,,,17.5,29.2,24.1,42.0,176,82,29
2003-04-29,333.7,gc_futuro,176123,49345,24578,19687,61323,114157,45768,17701,,,,,,,,,,,,17.5,28.1,23.1,40.4,177,83,31
2003-05-06,342.5,gc_futuro,178933,53877,14586,20379,59479,129288,45198,14680,,,,,,,,,,,,16.0,30.2,21.7,43.1,174,85,25
2003-05-13,350.0,gc_futuro,183957,58093,15673,21509,57917,131631,46438,15144,,,,,,,,,,,,17.8,29.6,22.7,42.6,175,85,27
2003-05-20,366.3,gc_futuro,196238,79694,13953,22060,45003,143069,49481,17156,,,,,,,,,,,,14.5,28.9,20.5,44.1,188,96,32
2003-05-27,367.8,gc_futuro,206318,78295,9546,22982,44032,141663,61009,32127,,,,,,,,,,,,14.8,28.4,21.4,42.6,154,78,23
2003-06-03,365.2,gc_futuro,205219,94155,9108,20688,47320,160932,43056,14491,,,,,,,,,,,,18.1,32.1,25.4,46.2,178,88,25
2003-06-10,352.2,gc_futuro,201381,79118,13519,21911,51645,145025,48707,20926,,,,,,,,,,,,14.8,28.7,21.2,41.5,179,82,30
2003-06-17,363.2,gc_futuro,199642,81499,17324,23119,51869,146075,43155,13124,,,,,,,,,,,,14.3,32.1,20.4,45.1,193,100,26
2003-06-24,346.3,gc_futuro,192790,65690,16806,23928,59389,136408,43783,15648,,,,,,,,,,,,11.6,33.3,18.1,44.5,178,84,27
2003-07-01,351.4,gc_futuro,187164,59522,14308,24897,60916,132919,41829,15040,,,,,,,,,,,,11.8,33.9,17.9,45.4,176,86,26
2003-07-08,344.1,gc_futuro,187327,56977,15649,25219,63710,132545,41421,13914,,,,,,,,,,,,11.9,34.2,17.8,45.5,174,85,24
2003-07-15,342.1,gc_futuro,186983,51045,23530,28489,66125,119797,41324,15167,,,,,,,,,,,,12.8,31.0,18.0,42.8,172,85,30
2003-07-22,350.6,gc_futuro,192848,60068,20659,26767,62487,130912,43526,14510,,,,,,,,,,,,12.0,33.1,18.6,45.1,177,96,23
2003-07-29,361.7,gc_futuro,238119,93311,17864,28341,57122,167454,59345,24460,,,,,,,,,,,,12.3,35.1,17.7,45.2,190,113,17
2003-08-05,349.6,gc_futuro,200599,75623,17812,26154,52412,145598,46410,11035,,,,,,,,,,,,9.9,35.8,15.3,47.9,174,101,19
2003-08-12,358.5,gc_futuro,209187,84578,18065,26184,49254,151016,49171,13922,,,,,,,,,,,,10.2,34.9,14.6,47.3,189,111,21
2003-08-19,361.6,gc_futuro,229142,104223,14225,26558,48481,174211,49880,14148,,,,,,,,,,,,10.9,34.5,15.6,47.0,205,131,15
2003-08-26,365.8,gc_futuro,243009,117340,17113,25910,47524,184612,52235,15374,,,,,,,,,,,,11.2,34.6,16.2,48.6,208,130,19
2003-09-02,373.2,gc_futuro,274981,146230,23383,24647,45994,209840,58110,17111,,,,,,,,,,,,12.6,33.1,17.9,47.1,227,141,24
2003-09-09,381.7,gc_futuro,283325,151530,36438,25111,46865,204805,59819,16971,,,,,,,,,,,,12.5,34.8,17.5,48.2,239,148,31
2003-09-16,373.5,gc_futuro,283175,144818,39002,26176,52270,200273,59911,17724,,,,,,,,,,,,12.6,36.2,17.6,50.3,228,139,30
2003-09-23,385.9,gc_futuro,291738,146587,38919,29543,53760,204257,61848,19019,,,,,,,,,,,,12.9,35.2,18.3,48.0,244,143,37
2003-09-30,385.4,gc_futuro,277922,136571,41383,24867,56237,193254,60247,18418,,,,,,,,,,,,13.5,37.4,19.0,50.6,238,140,42
2003-10-07,377.2,gc_futuro,255935,110811,30046,25505,66122,182162,53497,18222,,,,,,,,,,,,12.4,37.1,18.6,50.8,225,118,42
2003-10-14,375.7,gc_futuro,246133,108615,31723,23159,60855,174060,53504,17191,,,,,,,,,,,,11.8,36.7,17.9,51.7,223,119,41
2003-10-21,381.7,gc_futuro,252897,115942,35078,23405,58549,177380,55001,17034,,,,,,,,,,,,11.5,37.1,18.1,51.3,232,128,41
2003-10-28,383.2,gc_futuro,261514,126193,35580,21221,55341,183200,58759,21513,,,,,,,,,,,,14.1,33.6,20.5,47.9,233,132,39
2003-11-04,379.9,gc_futuro,262696,119702,35092,22201,60871,184866,59922,20537,,,,,,,,,,,,13.5,34.9,19.6,49.2,221,113,45
2003-11-11,388.1,gc_futuro,270895,124456,41878,23951,63501,186704,58987,18362,,,,,,,,,,,,13.6,34.0,19.5,48.0,245,128,54
2003-11-18,397.6,gc_futuro,285620,136229,43069,21287,60181,194784,67923,26480,,,,,,,,,,,,14.0,34.4,19.7,48.1,241,133,48
2003-11-25,391.1,gc_futuro,285510,134093,26065,15786,67023,217576,68608,26083,,,,,,,,,,,,14.1,36.8,20.0,50.3,213,128,28
2003-12-02,403.7,gc_futuro,278759,142642,29787,15813,56851,215807,63453,17352,,,,,,,,,,,,14.7,35.8,20.7,50.8,231,139,30
2003-12-09,408.2,gc_futuro,276302,140647,33619,16022,53459,206979,66174,19682,,,,,,,,,,,,14.9,33.9,20.9,50.5,228,136,30
2003-12-16,407.7,gc_futuro,278928,148033,31925,18093,49454,211647,63348,17263,,,,,,,,,,,,15.5,34.3,21.4,48.7,238,148,26
2003-12-22,410.6,gc_futuro,273517,143783,35511,17145,49352,203489,63237,17372,,,,,,,,,,,,15.3,33.8,20.8,48.5,235,144,27
2003-12-30,416.9,gc_futuro,278641,146647,34047,18234,48694,208608,65066,17752,,,,,,,,,,,,15.1,34.8,20.6,49.7,231,138,26
2004-01-06,422.8,gc_futuro,284500,151691,35706,18156,49723,210164,64930,20474,,,,,,,,,,,,15.4,34.0,21.5,48.2,242,142,31
2004-01-13,423.7,gc_futuro,300273,147745,40513,23929,61098,218408,67501,17423,,,,,,,,,,,,14.7,32.9,20.4,48.1,239,135,38
2004-01-20,412.7,gc_futuro,277381,125320,40285,22862,68541,196700,60658,17534,,,,,,,,,,,,13.8,33.9,19.0,48.6,227,132,37
2004-01-27,410.0,gc_futuro,275490,118100,32044,19837,66120,199090,71433,24519,,,,,,,,,,,,12.6,32.9,17.6,48.3,212,127,33
2004-02-03,399.2,gc_futuro,236512,95128,27564,17789,66869,176314,56726,14845,,,,,,,,,,,,13.8,34.6,19.4,50.4,201,112,33
2004-02-10,406.4,gc_futuro,237396,95652,35366,17384,62967,169358,61393,15288,,,,,,,,,,,,13.7,30.4,19.4,46.7,204,121,27
2004-02-17,416.0,gc_futuro,241858,106632,36327,16990,58109,177706,60127,10835,,,,,,,,,,,,14.6,31.0,20.1,46.4,215,129,31
2004-02-24,404.5,gc_futuro,241721,95788,32730,21656,64021,168520,60256,18815,,,,,,,,,,,,12.0,30.4,17.1,43.7,213,114,40
2004-03-02,393.5,gc_futuro,237352,83802,39923,18072,70486,160877,64992,18480,,,,,,,,,,,,10.8,29.1,16.0,42.6,204,108,41
2004-03-09,404.2,gc_futuro,230009,95130,34591,17981,58037,164459,58861,12978,,,,,,,,,,,,11.9,29.3,16.6,44.3,217,122,35
2004-03-16,402.4,gc_futuro,245495,98116,35637,17293,65943,176447,64143,16118,,,,,,,,,,,,11.3,28.8,15.7,42.6,220,129,31
2004-03-23,419.8,gc_futuro,281839,144353,41842,17049,49762,204617,70675,18331,,,,,,,,,,,,14.4,27.7,19.8,43.2,238,134,42
2004-03-30,421.7,gc_futuro,295044,159753,34615,15626,53537,231882,66128,12921,,,,,,,,,,,,16.2,28.4,22.4,46.5,243,140,40
2004-04-06,418.9,gc_futuro,305661,176285,32032,15485,47013,243320,66878,14824,,,,,,,,,,,,15.3,29.9,21.8,47.8,250,150,36
2004-04-12,420.1,gc_futuro,305423,174575,35879,15305,48309,239183,67234,15056,,,,,,,,,,,,15.3,29.5,21.8,46.8,244,138,42
2004-04-20,397.7,gc_futuro,255395,109438,36162,22133,60461,182891,63363,14209,,,,,,,,,,,,11.5,32.3,17.0,48.1,234,128,37
2004-04-27,398.6,gc_futuro,246504,98229,40425,22376,68224,169845,57675,13858,,,,,,,,,,,,13.3,29.5,18.2,46.5,236,131,42
2004-05-04,391.4,gc_futuro,246863,91845,37182,28082,72166,161564,54770,20035,,,,,,,,,,,,14.1,27.8,19.3,44.0,222,124,41
2004-05-11,376.9,gc_futuro,254742,86776,48760,29688,83705,153147,54573,23147,,,,,,,,,,,,14.5,26.6,20.7,38.9,221,118,47
2004-05-18,375.8,gc_futuro,253647,82288,54775,29866,87190,144769,54303,24237,,,,,,,,,,,,14.6,25.2,20.0,36.5,222,113,48
2004-05-25,388.3,gc_futuro,252665,76713,54504,30885,88917,138156,56150,29120,,,,,,,,,,,,16.2,23.7,21.6,35.3,221,99,61
2004-06-01,394.6,gc_futuro,228721,78293,46310,23929,76601,136960,49898,21522,,,,,,,,,,,,16.5,25.6,22.0,40.5,211,99,52
2004-06-08,391.0,gc_futuro,225921,78878,48547,23600,74331,134807,49112,18967,,,,,,,,,,,,16.2,25.3,22.1,39.2,213,104,47
2004-06-15,388.1,gc_futuro,223243,80534,51418,23793,70809,127617,48107,20415,,,,,,,,,,,,15.7,22.7,22.5,36.7,204,99,48
2004-06-22,395.0,gc_futuro,219524,83340,43442,23551,64397,134977,48236,17554,,,,,,,,,,,,15.9,22.7,22.0,38.0,201,104,41
2004-06-29,392.5,gc_futuro,226773,86673,46506,20648,68603,140786,50849,18833,,,,,,,,,,,,16.2,21.8,22.7,36.8,211,109,46
2004-07-06,392.6,gc_futuro,226957,82019,50616,21402,73312,136553,50224,18386,,,,,,,,,,,,17.6,22.4,23.0,35.9,211,106,49
2004-07-13,402.0,gc_futuro,247735,112049,41615,20104,63996,170313,51586,15703,,,,,,,,,,,,14.2,23.9,21.5,43.2,222,117,45
2004-07-20,401.9,gc_futuro,256572,114160,43702,18114,71997,177908,52301,16848,,,,,,,,,,,,14.4,24.2,21.8,44.4,219,116,47
2004-07-27,387.0,gc_futuro,232007,78464,45149,23039,70511,137016,59993,26803,,,,,,,,,,,,16.4,23.0,22.9,37.4,200,89,54
2004-08-03,394.0,gc_futuro,217814,81545,47091,18822,71215,134926,46232,16975,,,,,,,,,,,,17.0,25.8,24.8,39.8,196,90,48
2004-08-10,400.0,gc_futuro,219062,85056,38949,18243,68536,146879,47227,14991,,,,,,,,,,,,16.8,27.4,24.5,42.3,200,100,46
2004-08-17,404.4,gc_futuro,227948,91881,38091,18625,68688,155438,48754,15794,,,,,,,,,,,,17.9,28.1,25.1,44.1,209,106,46
2004-08-24,403.0,gc_futuro,259849,126481,41720,17974,64326,184274,51068,15881,,,,,,,,,,,,17.5,27.2,26.7,44.3,224,118,48
2004-08-31,410.4,gc_futuro,269575,130720,50223,18863,66831,184906,53161,15583,,,,,,,,,,,,17.8,27.4,27.3,44.6,222,113,50
2004-09-07,397.4,gc_futuro,256711,111967,49824,17343,72594,171923,54807,17621,,,,,,,,,,,,16.8,26.6,24.9,44.3,217,107,55
2004-09-14,405.7,gc_futuro,249885,101047,46191,17678,76180,170130,54980,15886,,,,,,,,,,,,17.4,27.3,25.1,44.5,217,103,56
2004-09-21,408.3,gc_futuro,256086,108228,43901,17203,76546,179508,54109,15474,,,,,,,,,,,,19.1,27.3,26.5,44.9,223,110,48
2004-09-28,412.5,gc_futuro,266565,124815,42697,16970,69397,191559,55383,15339,,,,,,,,,,,,18.9,28.4,26.1,45.6,239,127,48
2004-10-05,418.2,gc_futuro,296592,162941,48849,16126,61921,216187,55604,15430,,,,,,,,,,,,21.3,30.1,30.0,47.1,260,135,59
2004-10-12,415.1,gc_futuro,302197,165529,50392,16282,59577,217073,60809,18450,,,,,,,,,,,,20.8,31.0,28.7,47.7,252,131,56
2004-10-19,420.3,gc_futuro,305225,172649,51735,16231,60297,219891,56048,17368,,,,,,,,,,,,20.5,30.1,30.2,47.7,254,136,56
2004-10-26,426.8,gc_futuro,321849,185342,57447,16780,60217,223855,59510,23767,,,,,,,,,,,,22.3,28.9,31.3,46.4,261,136,59
2004-11-02,420.0,gc_futuro,313532,176069,64632,15394,63188,213245,58881,20261,,,,,,,,,,,,23.0,29.5,32.0,47.6,252,127,63
2004-11-09,435.7,gc_futuro,342146,187528,69675,22898,69495,231763,62225,17810,,,,,,,,,,,,21.7,28.9,29.8,45.6,269,137,61
2004-11-16,440.2,gc_futuro,362336,196371,73370,28206,73269,239496,64490,21264,,,,,,,,,,,,22.8,28.3,30.6,45.8,284,149,63
2004-11-23,447.8,gc_futuro,352638,202921,64289,25983,60802,237632,62932,24734,,,,,,,,,,,,23.0,29.0,30.0,48.2,276,154,55
2004-11-30,451.3,gc_futuro,345646,201218,72765,17948,66242,234572,60238,20361,,,,,,,,,,,,23.8,28.9,31.8,46.6,267,147,58
2004-12-07,452.0,gc_futuro,353244,211208,78861,16575,67132,236389,58329,21419,,,,,,,,,,,,25.9,30.3,33.7,47.3,252,143,52
2004-12-14,435.9,gc_futuro,316029,160002,72208,17282,84079,206877,54666,19662,,,,,,,,,,,,25.1,28.3,32.8,46.7,231,129,43
2004-12-21,441.8,gc_futuro,319955,162396,72143,18771,84261,210579,54527,18462,,,,,,,,,,,,25.9,29.7,33.5,47.7,234,128,45
2004-12-28,444.3,gc_futuro,330965,169514,70761,19125,85507,223002,56819,18077,,,,,,,,,,,,25.9,29.1,33.2,47.6,231,129,41
2005-01-04,428.5,gc_futuro,302298,140471,67228,16838,89301,195043,55688,23189,,,,,,,,,,,,23.7,29.1,31.3,48.4,221,118,46
2005-01-11,421.9,gc_futuro,275461,109497,72710,19170,94433,164780,52361,18801,,,,,,,,,,,,22.0,28.8,28.9,45.2,212,108,47
2005-01-18,423.2,gc_futuro,275630,107825,78259,20038,93319,156259,54448,21074,,,,,,,,,,,,22.7,27.7,29.1,42.4,216,108,50
2005-01-25,422.0,gc_futuro,273430,107378,79033,18722,86831,146415,60499,29260,,,,,,,,,,,,23.8,27.5,30.1,42.3,213,108,47
2005-02-01,420.8,gc_futuro,253116,102388,74270,15382,87665,145237,47681,18227,,,,,,,,,,,,24.8,28.4,32.3,45.2,202,100,53
2005-02-08,412.6,gc_futuro,255424,97630,86455,15041,95269,133451,47484,20477,,,,,,,,,,,,23.7,26.4,30.5,43.5,205,92,58
2005-02-15,425.9,gc_futuro,262589,109421,87714,15731,88032,139509,49405,19635,,,,,,,,,,,,24.6,26.2,31.0,43.9,207,101,52
2005-02-22,434.5,gc_futuro,267860,119318,80413,17941,77524,151123,53077,18383,,,,,,,,,,,,25.3,26.6,31.7,44.6,207,103,44
2005-03-01,432.9,gc_futuro,287761,135741,79060,19973,78389,169645,53658,19083,,,,,,,,,,,,26.3,27.4,32.2,45.2,218,108,44
2005-03-08,440.3,gc_futuro,296335,143930,73453,20514,75163,184237,56728,18131,,,,,,,,,,,,25.9,27.6,31.5,44.4,222,119,41
2005-03-15,440.9,gc_futuro,335503,178724,67602,21632,78689,226180,56458,20089,,,,,,,,,,,,27.8,27.1,36.2,43.4,236,124,50
2005-03-22,431.3,gc_futuro,299531,148089,56328,21920,74842,200820,54680,20463,,,,,,,,,,,,26.1,29.2,33.4,46.6,222,118,48
2005-03-29,426.0,gc_futuro,281601,139491,37970,19722,70361,204216,52027,19693,,,,,,,,,,,,26.1,34.6,33.5,51.2,205,109,38
2005-04-05,424.5,gc_futuro,272946,143487,37223,17593,66117,201057,45749,17073,,,,,,,,,,,,28.4,35.9,36.6,52.8,205,107,44
2005-04-12,427.6,gc_futuro,279545,150611,37267,18207,64126,206155,46601,17916,,,,,,,,,,,,28.5,34.6,36.2,51.7,215,114,47
2005-04-19,432.9,gc_futuro,280432,152815,38423,20037,61372,204959,46208,17013,,,,,,,,,,,,27.1,34.5,34.3,49.9,223,122,43
2005-04-26,437.9,gc_futuro,302084,173826,36049,19296,57612,226901,51350,19838,,,,,,,,,,,,25.6,32.7,33.7,48.8,226,121,44
2005-05-03,426.7,gc_futuro,290539,153914,46186,20270,67838,205533,48517,18550,,,,,,,,,,,,25.1,33.5,33.3,47.8,226,115,54
2005-05-10,427.2,gc_futuro,282478,134719,54341,19727,79372,187921,48660,20489,,,,,,,,,,,,25.1,33.8,32.7,46.8,229,110,58
2005-05-17,419.4,gc_futuro,274382,124569,68625,20727,81363,161224,47723,23806,,,,,,,,,,,,25.1,31.6,31.0,43.0,232,112,64
2005-05-24,417.5,gc_futuro,272748,114965,75456,19646,91915,152378,46222,25268,,,,,,,,,,,,24.8,29.0,31.1,40.5,228,106,66
2005-05-31,416.3,gc_futuro,255995,113002,80037,18579,80741,133737,43673,23642,,,,,,,,,,,,26.9,32.4,33.7,43.2,224,98,70
2005-06-07,424.8,gc_futuro,252151,111796,72689,21766,71621,138673,46968,19023,,,,,,,,,,,,24.2,34.3,30.6,45.5,225,101,65
2005-06-14,427.5,gc_futuro,257034,119458,62597,22054,65549,153639,49973,18744,,,,,,,,,,,,23.7,34.2,29.3,48.1,224,112,54
2005-06-21,438.9,gc_futuro,289771,162238,53728,21105,51923,195985,54505,18953,,,,,,,,,,,,27.6,36.2,33.2,49.4,259,139,55
2005-06-28,436.4,gc_futuro,303385,175520,45589,24791,49769,215343,53305,17662,,,,,,,,,,,,25.6,35.1,32.0,49.1,251,137,49
2005-07-05,422.9,gc_futuro,281186,146733,41859,23779,54747,195088,55927,20460,,,,,,,,,,,,21.1,37.7,27.5,51.5,232,125,48
2005-07-12,426.3,gc_futuro,269891,124585,50863,23532,66138,177046,55636,18450,,,,,,,,,,,,21.1,36.4,26.2,50.7,235,123,50
2005-07-19,419.7,gc_futuro,270001,116572,62461,23347,75991,160039,54091,24154,,,,,,,,,,,,21.5,33.1,26.4,46.0,248,127,59
2005-07-26,423.4,gc_futuro,256886,110685,61663,20454,68301,151110,57446,23659,,,,,,,,,,,,24.0,35.0,29.5,47.4,235,109,66
2005-08-02,431.9,gc_futuro,244488,118941,53372,18462,55334,155141,51751,17513,,,,,,,,,,,,26.0,38.5,31.8,51.4,223,113,60
2005-08-09,434.2,gc_futuro,287839,168613,50914,19873,48576,199406,50777,17646,,,,,,,,,,,,31.9,36.4,38.9,49.5,249,128,61
2005-08-16,446.1,gc_futuro,331633,208558,50951,22514,46115,239481,54446,18687,,,,,,,,,,,,30.6,35.0,37.3,49.6,266,140,60
2005-08-23,439.4,gc_futuro,331804,206898,47211,23456,48371,242245,53079,18892,,,,,,,,,,,,30.7,36.3,37.7,51.8,268,142,60
2005-08-30,431.2,gc_futuro,291894,158841,49008,23232,58835,198485,50986,21169,,,,,,,,,,,,25.7,37.8,32.4,50.9,244,127,57
2005-09-06,444.4,gc_futuro,299192,159922,44670,26577,56461,205078,56232,22867,,,,,,,,,,,,25.2,37.2,31.7,50.0,242,124,57
2005-09-13,446.1,gc_futuro,321200,175285,48487,27202,63202,221991,55511,23520,,,,,,,,,,,,25.8,37.0,31.6,49.9,267,137,65
2005-09-20,466.2,gc_futuro,363315,219963,61837,29553,58120,245197,55679,26728,,,,,,,,,,,,26.9,33.5,33.4,44.1,297,152,74
2005-09-27,462.6,gc_futuro,366819,219648,53548,34288,53912,248026,58971,30957,,,,,,,,,,,,26.6,34.1,31.9,46.0,280,150,65
2005-10-04,466.1,gc_futuro,363529,229464,57966,26620,51172,253896,56273,25047,,,,,,,,,,,,27.1,34.1,33.1,45.6,278,148,64
2005-10-11,477.1,gc_futuro,370844,234060,56650,28970,49551,262265,58263,22959,,,,,,,,,,,,27.2,33.9,33.3,45.5,294,155,75
2005-10-18,472.1,gc_futuro,362699,224424,54000,30249,51648,251155,56378,27295,,,,,,,,,,,,27.1,34.0,33.6,46.8,280,147,74
2005-10-25,472.8,gc_futuro,339388,206809,53457,30260,54314,235105,48005,20566,,,,,,,,,,,,27.6,34.1,33.6,48.2,279,145,77
2005-11-01,458.8,gc_futuro,334470,180554,49986,30031,69529,229860,54356,24593,,,,,,,,,,,,26.1,35.1,32.1,50.5,252,129,68
2005-11-08,460.9,gc_futuro,317076,167250,44139,30469,67808,218224,51549,24244,,,,,,,,,,,,26.0,34.7,31.8,50.7,246,131,56
2005-11-15,468.1,gc_futuro,324719,177421,47735,28940,67453,221732,50905,26312,,,,,,,,,,,,26.3,32.6,32.0,48.0,258,138,58
2005-11-22,492.6,gc_futuro,350603,201765,38783,33292,56380,236621,59166,41907,,,,,,,,,,,,25.1,30.7,31.8,47.5,265,147,52
2005-11-29,499.1,gc_futuro,350225,199521,40616,29998,70700,251219,50006,28392,,,,,,,,,,,,25.5,31.1,32.4,49.6,247,135,53
2005-12-06,510.2,gc_futuro,341011,208466,41053,30240,52222,242514,50083,27204,,,,,,,,,,,,27.8,34.6,35.7,51.6,256,135,57
2005-12-13,521.0,gc_futuro,337574,189931,33600,32349,56475,237205,58819,34420,,,,,,,,,,,,25.1,37.1,31.8,51.6,248,132,50
2005-12-20,494.6,gc_futuro,324429,182723,26553,31141,55214,244745,55351,21990,,,,,,,,,,,,23.5,39.7,30.4,56.2,240,139,37
2005-12-27,508.0,gc_futuro,320115,179324,24802,31308,53560,242794,55923,21211,,,,,,,,,,,,23.4,38.8,30.1,56.6,247,147,37
2006-01-03,530.7,gc_futuro,325524,180688,29726,34714,51741,239049,58381,22035,,,,,,,,,,,,22.5,36.5,29.8,54.5,245,137,44
2006-01-10,544.3,gc_futuro,343419,184408,38602,37270,59932,240141,61809,27406,,,,,,,,,,,,23.6,33.8,30.9,50.9,255,146,50
2006-01-17,553.4,gc_futuro,361704,191650,43171,38494,66156,248147,65404,31892,,,,,,,,,,,,22.0,31.1,29.0,49.9,268,156,45
2006-01-24,557.7,gc_futuro,356080,188928,46079,39439,63004,238009,64709,32553,,,,,,,,,,,,21.4,29.8,28.5,49.1,272,161,48
2006-01-31,570.8,gc_futuro,339645,187406,48156,33268,63986,231268,54985,26953,,,,,,,,,,,,23.3,32.5,31.2,50.0,256,146,52
2006-02-07,551.0,gc_futuro,341727,180971,53622,37576,67909,222347,55271,28182,,,,,,,,,,,,23.4,31.8,31.5,47.8,256,136,65
2006-02-14,545.9,gc_futuro,338143,167910,48996,44084,71566,220771,54583,24292,,,,,,,,,,,,22.0,30.0,29.7,46.5,249,136,57
2006-02-21,553.9,gc_futuro,333410,163886,45202,45150,69049,219002,55325,24056,,,,,,,,,,,,21.3,28.9,28.8,45.6,250,141,53
2006-02-28,561.6,gc_futuro,339859,169963,42593,46246,69177,226038,54473,24982,,,,,,,,,,,,21.1,28.5,28.4,43.7,258,148,55
2006-03-07,552.7,gc_futuro,338325,167144,46255,46172,71482,221233,53527,24665,,,,,,,,,,,,21.0,29.2,28.5,43.5,252,142,55
2006-03-14,551.7,gc_futuro,322360,143697,47757,44644,78233,208569,55786,21390,,,,,,,,,,,,19.5,27.7,26.2,42.0,246,135,53
2006-03-21,552.4,gc_futuro,319618,149946,45682,42567,72080,207882,55025,23487,,,,,,,,,,,,19.3,28.6,26.0,42.5,252,143,54
2006-03-28,566.6,gc_futuro,334042,163056,42470,43446,66109,215821,61431,32305,,,,,,,,,,,,20.0,28.3,26.5,42.8,244,148,45
2006-04-04,586.0,gc_futuro,342721,178040,45832,38347,60499,231414,65835,27128,,,,,,,,,,,,21.1,29.1,27.7,44.1,253,147,53
2006-04-11,595.2,gc_futuro,342632,175000,50668,45969,62155,228104,59508,17891,,,,,,,,,,,,20.1,30.0,26.8,44.5,258,149,53
2006-04-18,620.0,gc_futuro,353757,177870,47576,54648,58342,230866,62897,20667,,,,,,,,,,,,18.5,28.9,24.9,43.5,263,151,53
2006-04-25,631.0,gc_futuro,354108,175346,45968,55672,62298,229153,60792,23315,,,,,,,,,,,,17.7,28.3,24.2,42.0,256,148,50
2006-05-02,664.7,gc_futuro,359539,177709,47421,58171,60931,232651,62728,21296,,,,,,,,,,,,17.6,28.0,24.1,42.8,263,150,58
2006-05-09,699.4,gc_futuro,351933,175709,41773,54158,61535,232868,60531,23134,,,,,,,,,,,,17.9,29.3,24.6,45.2,253,143,58
2006-05-16,691.5,gc_futuro,338720,163773,37616,53321,62710,225860,58916,21923,,,,,,,,,,,,17.6,30.3,24.2,44.2,254,145,59
2006-05-23,673.0,gc_futuro,316143,144247,33149,54996,61059,210062,55841,17936,,,,,,,,,,,,17.4,28.0,24.4,44.5,240,134,55
2006-05-30,653.9,gc_futuro,314494,133475,31988,49314,78942,218251,52763,14941,,,,,,,,,,,,16.4,27.3,23.0,42.0,207,128,35
2006-06-06,629.4,gc_futuro,283161,134649,38753,48951,51439,180808,48122,14649,,,,,,,,,,,,19.9,33.9,27.2,45.7,222,131,41
2006-06-13,562.5,gc_futuro,288981,138766,39479,51884,51699,186100,46632,11518,99739,29859,36029,19940,63899,4718,27041,117483,39027,9620,15855,19.7,34.2,26.4,44.7,225,136,35
2006-06-20,576.9,gc_futuro,288148,131864,41643,52900,58813,181084,44571,12521,91198,30082,37444,23091,61692,6492,29230,112900,40666,11561,15456,21.0,33.6,27.4,44.2,218,127,40
2006-06-27,581.6,gc_futuro,292789,128310,42686,55557,61095,177336,47827,17210,88635,31420,39027,23112,59959,7236,30747,110141,39675,11266,16530,20.7,32.2,27.0,42.1,211,120,41
2006-07-03,613.5,gc_futuro,292500,131186,39266,56358,60102,182269,44854,14607,90104,30778,39901,23735,66608,6752,29615,108909,41082,8488,16457,21.1,32.3,27.6,43.1,214,125,40
2006-07-11,641.2,gc_futuro,312684,142194,40265,61204,64408,196455,44878,14760,101019,29135,43286,23173,74702,7141,34094,114612,41175,11130,17918,20.1,31.1,26.5,41.8,227,126,45
2006-07-18,628.3,gc_futuro,324276,143202,35828,67348,63969,204060,49757,17040,105068,25797,48551,24180,78853,9689,30100,115518,38134,10031,18797,19.5,30.9,25.6,42.2,227,127,45
2006-07-25,617.6,gc_futuro,315635,132268,30713,70067,65461,204950,47839,9905,96891,23984,50371,25497,80913,5491,34473,118546,35377,6729,19696,19.3,31.5,25.1,44.4,225,126,43
2006-08-01,646.3,gc_futuro,304907,132781,30020,62624,59866,198299,49636,13964,95785,25176,46373,25970,70347,4082,29814,123870,36996,4844,16251,19.3,32.6,25.0,44.7,208,125,35
2006-08-08,645.7,gc_futuro,309097,138971,32873,62653,60258,202183,47215,11388,100994,26676,47031,25992,69163,3841,30425,129179,37977,6197,15622,19.0,32.8,25.3,45.0,216,128,38
2006-08-15,622.5,gc_futuro,313327,132019,31475,65293,61402,196531,54613,20028,94115,26225,49414,25404,64887,4866,31132,126778,37904,5250,15879,18.1,31.5,23.5,43.5,219,135,34
2006-08-22,624.6,gc_futuro,306171,128897,32949,66198,64509,192582,46567,14442,87386,27081,50262,26789,61213,5540,32180,125829,41511,5868,15936,18.4,31.6,23.8,44.2,226,137,37
2006-08-29,610.7,gc_futuro,307583,124421,36705,67159,70804,188049,45199,15670,80809,31280,50635,32065,59384,5527,33212,123138,43612,5425,16524,19.1,30.4,24.4,43.3,219,129,40
2006-09-05,638.5,gc_futuro,319998,133991,35657,67421,66731,197996,51855,18924,87652,29430,50354,28723,64776,5540,32468,127680,46339,6227,17067,18.2,29.5,23.6,43.0,234,132,48
2006-09-12,586.9,gc_futuro,310510,121455,37233,68241,76201,186896,44613,18140,76571,30631,49833,34514,60530,6066,35621,120300,44884,6602,18408,18.1,27.1,23.4,41.0,220,126,41
2006-09-19,576.8,gc_futuro,325852,116119,38251,80189,86123,188048,43421,19364,72225,30632,58553,37303,60410,7734,41086,119904,43894,7619,21636,17.2,24.3,22.1,37.7,222,123,43
2006-09-26,591.2,gc_futuro,322937,108117,36873,80462,88639,184004,45719,21598,68325,33001,57822,38469,60389,7210,42960,116405,39792,3872,22640,16.7,24.4,22.6,36.9,208,113,44
2006-10-03,576.3,gc_futuro,330065,107570,38136,86368,88721,180715,47406,24846,66119,33666,60847,39045,61609,2910,46766,116196,41451,4470,25521,15.5,23.3,21.4,35.3,207,110,42
2006-10-10,571.9,gc_futuro,334329,106211,43762,92454,95161,177763,40503,20350,62270,39206,64647,42818,58533,4231,48112,114999,43941,4556,27807,14.6,22.9,21.0,33.6,208,106,50
2006-10-17,589.7,gc_futuro,329875,107993,46734,90464,92428,175566,38990,17111,64602,42773,64248,40741,58220,4929,46758,112417,43391,3961,26216,13.8,23.1,20.3,33.5,211,110,50
2006-10-24,584.4,gc_futuro,331598,104099,48049,92994,93641,174150,40864,16405,54019,43840,62181,36478,55466,6469,50694,112215,50080,4209,30813,12.5,22.7,18.4,32.7,215,118,45
2006-10-31,604.1,gc_futuro,323481,107472,42756,85790,84097,175993,46122,18942,59985,39093,54675,36081,59760,6930,41086,109303,47487,3663,31115,12.5,25.3,18.7,36.2,214,122,40
2006-11-07,625.7,gc_futuro,335036,121406,40240,85217,78904,193360,49509,16219,76134,32604,53249,31956,63590,7788,39160,121982,45272,7636,31968,13.0,25.8,19.4,38.6,219,121,41
2006-11-14,623.8,gc_futuro,356575,126907,38073,90726,87908,211429,51034,16347,79157,29403,56534,29696,64711,13087,45125,133631,47750,8670,34192,12.1,25.2,17.8,37.6,220,127,41
2006-11-21,628.2,gc_futuro,355430,123021,38728,93503,87188,206164,51718,17035,77773,29323,57911,31487,63304,14931,40770,127929,45248,9405,35592,12.4,24.2,18.1,36.9,225,128,44
2006-11-28,637.2,gc_futuro,349517,120078,40212,94351,79380,197104,55708,17850,75457,30862,60423,27309,65023,8873,43198,123208,44621,9350,33928,12.3,24.8,18.4,36.2,210,121,39
2006-12-05,642.3,gc_futuro,330530,122145,38506,83786,70965,191133,53634,17105,80731,28684,56140,26735,63915,10077,34153,117141,41414,9822,27646,13.3,26.1,20.2,38.2,218,118,48
2006-12-12,627.0,gc_futuro,333101,120128,38299,87301,76784,193066,48888,14435,78367,28281,59656,31820,62275,10805,34159,119986,41761,10018,27645,13.8,26.3,20.4,38.3,217,119,48
2006-12-19,621.6,gc_futuro,337096,109682,39789,91050,89467,191199,46897,15058,68672,29711,63770,38642,60647,10818,40007,119734,41010,10078,27280,13.1,26.0,20.2,37.9,218,119,48
2006-12-26,623.7,gc_futuro,340473,110486,42394,92526,89611,192679,47850,12874,69815,31696,64887,38470,60659,10991,40150,121029,40671,10698,27639,13.2,25.6,20.2,37.4,216,111,51
2007-01-03,627.1,gc_futuro,353494,120639,42756,98844,82085,194532,51926,17362,77786,30994,70029,34723,61859,10466,36896,122207,42853,11762,28815,13.4,25.0,20.2,36.6,226,122,51
2007-01-09,613.1,gc_futuro,347491,105157,52289,98403,95765,177439,48166,19360,65657,39661,70206,42838,55790,13190,39737,108459,39500,12628,28197,13.0,23.7,20.7,34.3,226,108,65
2007-01-16,624.6,gc_futuro,344685,109386,46436,94391,94910,187019,45998,16839,68430,33371,67836,35245,58736,15592,44073,112691,40956,13065,26555,12.5,23.8,19.5,34.4,234,120,58
2007-01-23,645.2,gc_futuro,361114,128463,43962,90070,90640,209217,51941,17865,85684,27746,68350,28827,66475,15320,46493,127422,42779,16216,21720,12.2,23.8,19.1,35.0,232,122,59
2007-01-30,644.2,gc_futuro,348035,143964,43619,80465,75716,211327,47890,12624,99352,29366,62220,28850,74501,7605,39261,129221,44612,14253,18245,13.4,24.9,20.3,40.0,231,131,51
2007-02-06,653.6,gc_futuro,360936,151891,43345,82955,75896,222560,50194,12076,109228,27766,64624,29834,75066,10513,35549,136981,42663,15579,18331,12.9,26.4,20.2,40.8,242,135,54
2007-02-13,663.9,gc_futuro,383169,167479,42729,86755,75344,240808,53591,12877,121684,24627,68521,27767,83179,10327,37250,147302,45795,18102,18234,12.4,25.6,19.4,40.4,247,140,50
2007-02-20,657.1,gc_futuro,396115,168838,38905,91205,81923,250073,54149,15932,121632,25830,72715,29509,83001,14737,37677,152335,47206,13075,18490,11.7,25.4,18.3,41.2,245,135,55
2007-02-27,683.9,gc_futuro,415155,182456,40364,98037,82029,265779,52633,10975,135725,23488,78577,29395,90000,12246,40388,163533,46731,16876,19460,10.9,25.2,17.3,40.6,259,149,48
2007-03-06,643.8,gc_futuro,382550,136421,34723,94622,97335,234646,54172,18559,90236,21355,75415,36543,76320,14171,46621,144155,46185,13368,19207,10.4,25.0,16.7,40.1,241,135,53
2007-03-13,647.6,gc_futuro,394090,129078,32736,99750,112843,243759,52419,17845,86278,18012,79723,38828,74939,20272,53743,148548,42800,14724,20027,10.4,24.8,16.5,38.6,252,141,55
2007-03-20,657.9,gc_futuro,359726,125201,31777,85276,96485,226379,52764,16294,84393,17292,66577,37217,75104,16221,43047,135054,40808,14485,18699,11.3,27.6,17.9,42.7,244,139,51
2007-03-27,662.1,gc_futuro,359434,126413,31290,82070,91430,229954,59521,16120,88263,19339,61238,34877,84213,11528,45025,134213,38150,11951,20832,11.2,27.4,17.4,43.0,233,132,45
2007-04-03,664.0,gc_futuro,347817,131858,37913,75698,90718,220216,49543,13990,92087,23268,62959,35052,85516,6551,49115,128149,39771,14645,12739,11.0,26.9,18.3,42.8,237,136,48
2007-04-10,676.5,gc_futuro,369536,150573,37617,76470,87446,240650,55047,14799,106783,23048,63211,34186,89198,7458,45802,143994,43790,14569,13259,10.3,26.8,16.9,42.7,255,148,45
2007-04-17,688.2,gc_futuro,380800,170601,35243,75344,79882,254480,54973,15733,124963,18323,62340,33734,99473,4858,41290,150149,45638,16920,13004,11.5,27.3,18.2,44.3,261,148,50
2007-04-24,684.2,gc_futuro,403388,169703,35861,85916,90211,261984,57558,19627,124958,20388,71271,37808,95976,8228,44175,157780,44745,15473,14645,11.4,25.8,17.9,42.8,258,137,62
2007-05-01,674.4,gc_futuro,396276,163823,33378,85991,92693,258846,53769,18061,122272,18137,72363,41060,91804,7024,44609,160018,41551,15241,13628,12.4,25.8,19.4,43.3,247,134,53
2007-05-08,685.1,gc_futuro,411273,168350,32064,90032,97353,269817,55538,19360,129038,14702,76003,38859,95611,9578,48916,164628,39312,17362,14029,11.4,25.5,17.9,42.4,250,138,51
2007-05-15,673.0,gc_futuro,408936,149772,35874,96272,108784,256077,54108,20713,107716,20305,81966,42281,96253,12499,54004,147325,42056,15569,14306,11.3,25.3,17.8,39.4,255,141,52
2007-05-22,659.1,gc_futuro,416813,141294,45479,103507,117506,241722,54506,26105,95529,29281,88940,49429,91937,6245,61832,143540,45765,16198,14567,12.7,24.1,19.0,35.6,258,139,59
2007-05-29,657.1,gc_futuro,425688,134404,39507,107867,125989,244684,57428,33630,91921,28204,91781,48560,90534,3905,73524,150245,42483,11303,16086,12.4,24.1,18.7,33.8,244,133,56
2007-06-05,669.6,gc_futuro,385046,143052,35435,91821,106068,242464,44105,15326,101257,24239,80295,46605,96817,3201,56262,142446,41795,11196,11526,13.7,25.7,20.5,37.1,238,134,50
2007-06-12,648.5,gc_futuro,412150,125076,49180,111179,133800,231805,42095,19986,80246,36872,97713,53046,88526,6126,74628,137153,44830,12308,13466,13.9,23.9,20.6,34.0,239,124,60
2007-06-19,660.7,gc_futuro,410324,126207,44602,112837,127209,236429,44071,16456,81722,31746,100134,49708,95958,3977,73524,136494,44485,12856,12703,13.1,24.8,19.2,35.5,242,131,56
2007-06-26,642.1,gc_futuro,407640,119068,55991,113183,133598,217182,41791,21284,72368,45874,99275,52749,80130,6597,74252,130455,46700,10117,13908,13.1,21.4,19.5,31.8,250,128,63
2007-07-03,652.9,gc_futuro,375642,109652,43990,106759,115835,207067,43396,17826,69308,34443,92606,49282,76525,6405,60148,124137,40344,9547,14153,13.2,23.3,19.7,34.3,244,131,58
2007-07-10,662.5,gc_futuro,387916,113510,41290,109146,115881,219066,49379,18414,72474,33675,95096,46334,81996,7681,61866,129389,41036,7615,14050,11.6,23.0,18.0,33.6,249,134,57
2007-07-17,664.7,gc_futuro,385595,114788,35069,107076,111437,223945,52294,19505,72985,27947,91316,42059,81500,13068,56310,129377,41803,7122,15760,10.6,23.9,17.0,34.2,254,141,51
2007-07-24,684.2,gc_futuro,401603,154251,31321,102578,91670,253272,53104,14432,114752,19037,86771,31099,99464,11966,48605,141842,39499,12284,15807,10.1,24.7,16.8,37.1,260,147,47
2007-07-31,666.9,gc_futuro,351185,113706,32817,95149,96154,208798,46176,14421,76461,21368,81710,36539,78034,9048,50567,121716,37245,11449,13439,10.4,26.4,17.0,37.7,236,128,52
2007-08-07,670.6,gc_futuro,352908,123391,34020,93393,90267,211513,45857,13982,84522,20981,80881,35750,85424,7525,46992,118564,38869,13039,12512,10.0,26.4,17.1,37.8,249,137,52
2007-08-14,668.6,gc_futuro,347973,118978,24767,94401,88846,214740,45748,14065,77995,12117,81106,33680,85157,8100,47066,121483,40983,12650,13295,10.2,28.1,17.0,38.1,244,134,47
2007-08-21,656.7,gc_futuro,330204,102578,33648,87526,99513,191507,40587,17523,65359,22367,75428,37420,74134,8702,53391,108671,37219,11281,12098,11.0,28.6,18.0,37.4,244,130,60
2007-08-28,664.4,gc_futuro,325767,103844,26633,85943,96677,195541,39303,17650,66292,16289,73454,35439,70128,9594,51644,115819,37552,10344,12489,11.1,30.1,18.0,38.8,230,131,43
2007-09-04,682.5,gc_futuro,339439,126346,29366,83449,83446,207800,46198,18824,85525,11759,71800,27425,75319,10938,45083,121543,40821,17607,11649,10.3,29.1,16.7,37.4,256,144,51
2007-09-11,712.2,gc_futuro,373686,155317,28648,83570,83992,244914,50807,16554,109090,8575,72140,33320,92494,10275,40397,142145,46227,20073,11430,10.0,27.5,16.2,40.7,292,164,61
2007-09-18,715.8,gc_futuro,392748,168140,26490,87493,84176,259440,52939,19325,125440,8362,74022,34834,99274,9214,40128,150952,42700,18128,13471,10.6,27.2,17.2,41.1,292,165,59
2007-09-25,731.6,gc_futuro,440945,201188,27143,93783,88400,296412,57574,23607,153984,9943,80368,30824,105818,9349,48227,181245,47204,17200,13415,10.5,27.0,16.5,40.5,296,175,59
2007-10-02,729.8,gc_futuro,439865,210766,34871,94250,80388,292419,54461,18325,165536,13596,84517,30658,99612,7163,42567,185644,45230,21275,9733,12.0,30.5,18.7,41.8,297,168,68
2007-10-09,737.4,gc_futuro,458936,221749,31053,105279,79580,306601,52328,16003,177069,8722,93864,28883,98375,7168,43529,201058,44680,22331,11415,12.5,31.0,18.7,42.9,297,172,61
2007-10-16,757.0,gc_futuro,483872,238432,36573,111023,77405,316501,57012,19775,191927,9649,95147,27714,106565,5688,44003,204248,46505,26924,15876,13.9,30.2,20.5,43.4,301,166,68
2007-10-23,759.0,gc_futuro,489471,226875,40571,123288,83708,306477,55600,19135,185137,12077,109049,31119,102167,6194,46395,198116,41738,28494,14239,14.3,29.2,21.0,41.9,296,158,75
2007-10-30,784.3,gc_futuro,516163,232622,34016,136909,91655,326788,54977,18450,194052,8156,120440,31903,101558,7872,51880,217358,38570,25860,16469,14.6,29.0,21.1,41.5,300,164,70
2007-11-06,820.8,gc_futuro,556856,241475,39350,157402,96082,336091,61897,24013,198786,12371,138816,27857,94597,9541,58684,231953,42689,26979,18586,13.9,27.1,20.3,38.2,313,178,70
2007-11-13,797.2,gc_futuro,552546,228360,37575,152929,111704,338121,59553,23921,185676,10739,135340,28230,85899,17221,66253,235001,42684,26836,17589,13.5,25.5,19.9,35.9,297,166,67
2007-11-20,790.3,gc_futuro,512430,213234,40844,129792,114599,324224,54805,17570,172412,11566,109945,23025,68782,19493,72081,235949,40822,29278,19847,13.7,26.6,18.4,37.5,293,160,68
2007-11-27,813.7,gc_futuro,520782,206498,31417,122145,132752,338076,59387,29144,163138,11283,103210,28636,62758,10449,93667,264869,43360,20134,18935,13.5,26.3,18.4,37.4,271,148,57
2007-12-04,801.3,gc_futuro,486709,190888,23364,122898,119700,324598,53223,15849,149675,5754,105954,29752,68140,4250,85698,252208,41213,17610,16944,14.5,26.4,19.4,38.1,260,140,57
2007-12-11,811.4,gc_futuro,486198,196529,24755,126580,110559,321302,52530,13561,155465,6109,108477,29164,79317,3447,77948,238538,41064,18646,18103,14.8,26.8,19.5,39.1,276,156,57
2007-12-18,803.0,gc_futuro,495001,197789,27516,131047,111220,320827,54945,15611,155660,9422,111426,28198,76488,5313,77709,239026,42129,18094,19621,14.6,27.5,19.9,39.4,276,155,56
2007-12-24,812.8,gc_futuro,517020,210521,26146,139730,115530,337061,51239,14083,164604,8469,120032,31227,83086,3378,80925,250597,45917,17677,19698,14.2,28.8,19.4,40.6,283,169,52
2007-12-31,834.9,gc_futuro,541854,227112,27674,143527,116141,354553,55074,16100,181902,10649,124327,25481,89414,6412,84248,258727,45210,17025,19200,14.4,29.6,19.9,41.4,289,170,57
2008-01-08,878.0,gc_futuro,558309,238089,32685,140554,119844,366534,59822,18536,191788,11019,122968,28606,107207,12513,78725,246814,46301,21666,17586,14.4,29.7,19.6,41.2,312,182,62
2008-01-15,901.0,gc_futuro,593953,247106,35059,147308,139606,390720,59933,20866,197021,11137,128838,31781,110127,26903,80922,253690,50085,23922,18470,13.7,29.2,18.9,40.3,318,189,62
2008-01-22,889.6,gc_futuro,560173,241183,36108,131814,119585,362612,67591,29639,193039,9618,113416,32344,113983,16012,71229,232617,48144,26490,18398,14.5,29.1,19.7,41.4,302,179,59
2008-01-29,925.1,gc_futuro,522142,237252,31472,98836,121716,366717,64338,25117,191376,9652,82140,31724,108058,12754,77238,245905,45876,21820,16696,15.4,32.0,21.0,43.7,288,163,60
2008-02-05,885.9,gc_futuro,495139,234852,31110,90812,113952,355533,55523,17684,191024,9337,78087,32665,119793,12690,68597,223050,43828,21773,12725,16.6,33.9,23.2,46.4,287,172,52
2008-02-12,907.4,gc_futuro,475749,240806,34210,76587,103713,347313,54643,17639,190428,12352,62527,32824,123247,12070,58819,211996,50378,21858,14060,17.7,35.3,24.5,48.2,298,169,64
2008-02-19,926.6,gc_futuro,489789,251717,39458,75373,104482,357222,58217,17736,200191,12457,61379,32866,124943,11308,60308,220971,51526,27001,13994,17.6,34.1,24.5,47.5,312,187,61
2008-02-26,946.1,gc_futuro,495102,250270,40907,75835,104099,356374,64898,21986,197000,10695,61338,35084,127430,8989,60026,219955,53270,30212,14497,17.3,33.8,24.4,47.6,310,179,66
2008-03-04,963.9,gc_futuro,486992,240597,44817,80661,100312,340421,65422,21093,188294,12567,62924,37049,124047,11381,51882,204993,52303,32250,17737,16.9,33.7,24.7,46.9,312,184,64
2008-03-11,974.2,gc_futuro,482035,239048,42705,77132,102839,346097,63016,16101,186110,10395,61223,35972,119987,22760,44107,203350,52938,32310,15909,16.5,36.1,24.6,48.5,293,174,63
2008-03-18,1003.2,gc_futuro,489055,232427,40418,82583,110087,349215,63958,16839,179620,11055,64528,37073,108931,23049,49965,217235,52807,29363,18055,14.6,36.6,21.4,47.5,302,176,63
2008-03-25,934.6,gc_futuro,452193,214651,38909,73087,104994,311119,59461,29078,169444,14286,55120,32234,104675,20602,52158,185842,45207,24623,17967,16.6,37.1,23.6,48.0,277,152,62
2008-04-01,882.9,gc_futuro,399393,190958,29680,65644,94901,287969,47890,16100,146935,11584,54588,36035,100967,4447,54419,182555,44023,18096,11056,18.3,41.6,25.6,53.0,245,150,42
2008-04-08,914.0,gc_futuro,407212,196823,31430,70659,94076,288648,45654,16475,151135,15005,58717,35777,99548,5136,53163,183964,45688,16425,11942,18.4,41.8,25.8,52.9,255,148,51
2008-04-15,928.7,gc_futuro,422699,202910,30933,74683,96173,301285,48933,15798,156260,13481,61196,38777,102257,4976,52420,194052,46650,17452,13487,17.9,41.6,25.9,53.3,253,150,48
2008-04-22,922.3,gc_futuro,424218,201865,34242,75203,101648,301247,45502,13526,157492,14400,61835,39347,98191,4469,57832,198587,44373,19842,13368,18.1,41.1,26.4,51.8,255,148,50
2008-04-29,874.2,gc_futuro,429670,194844,34196,76235,107519,293001,51072,26238,151602,19235,59404,40142,93673,7386,59991,191942,43242,14961,16831,16.6,40.3,24.0,50.4,252,146,51
2008-05-06,876.0,gc_futuro,433741,192719,36752,79371,114554,297282,47097,20336,149175,24848,62812,40116,93717,9807,64631,193758,43544,11904,16559,17.0,40.7,24.7,50.0,255,145,50
2008-05-13,868.5,gc_futuro,439636,197809,44871,74032,121605,299202,46190,21531,150407,31816,57180,42545,89814,14065,64995,195323,47402,13055,16852,17.5,40.7,24.6,49.8,260,149,52
2008-05-20,919.5,gc_futuro,453084,216324,34205,76092,108853,324034,51815,18753,165800,18529,56643,35010,98732,18657,55186,206645,50524,15676,19449,16.6,41.4,23.2,51.4,274,164,47
2008-05-27,907.7,gc_futuro,430961,220954,29442,66181,92239,310524,51587,24814,166394,20722,48434,36584,105500,5822,49833,199202,54560,8720,17747,17.8,46.8,25.9,56.8,257,166,32
2008-06-03,881.6,gc_futuro,398441,200544,30333,59975,92556,294727,45366,13406,155935,22278,46476,37852,99700,4671,50033,190356,44609,8055,13499,20.2,47.8,27.3,57.2,242,150,35
2008-06-10,867.9,gc_futuro,396392,189175,37927,66457,94287,277368,46473,14640,144056,29172,49352,43288,100501,4862,46137,172005,45119,8755,17105,17.7,45.0,25.2,53.0,241,147,38
2008-06-17,884.3,gc_futuro,390471,180637,29447,67609,96068,279508,46157,13907,137007,19823,48848,40672,103588,6067,49329,169853,43630,9624,18761,18.1,44.8,24.6,53.6,247,145,48
2008-06-24,889.2,gc_futuro,401226,190218,36680,64375,95832,282588,50801,17583,143673,23409,47001,42217,111888,6495,47120,164205,46545,13271,17374,18.1,43.2,25.4,52.2,258,153,48
2008-07-01,942.5,gc_futuro,434024,223539,35860,65054,89674,316701,55757,16409,173983,17352,46570,35201,126559,6880,47593,183262,49556,18508,18484,17.9,42.0,24.9,52.4,282,171,49
2008-07-08,921.9,gc_futuro,443202,225045,35443,63001,97573,326233,57583,18525,174230,17127,44089,35245,125445,7765,54563,193023,50815,18316,18912,17.1,42.0,24.4,52.5,274,162,54
2008-07-15,977.7,gc_futuro,483920,240934,38151,66920,112225,358802,63841,20047,184704,15798,47003,33031,121243,11833,67361,225726,56230,22353,19917,15.5,37.4,22.4,48.4,306,177,59
2008-07-22,948.0,gc_futuro,475606,231170,36517,70997,114261,351322,59178,16770,177227,14225,49493,35390,115637,12253,66618,223432,53943,22292,21504,17.1,37.8,23.4,48.2,307,179,63
2008-07-29,916.4,gc_futuro,446013,212285,29966,73497,110651,330322,49580,12228,158000,14757,54688,28864,112714,7923,73864,209685,54285,15209,18809,17.6,39.4,23.7,48.7,266,158,48
2008-08-05,878.6,gc_futuro,408430,192528,28800,64011,98643,297560,53248,18059,142508,13682,47384,30607,107455,8925,59111,181180,50020,15118,16627,18.4,43.0,24.5,50.8,251,142,52
2008-08-12,808.2,gc_futuro,365611,159313,28653,61486,97743,253556,47069,21916,105895,16226,44993,31093,107475,7854,58796,138227,53418,12427,16493,16.3,43.9,22.7,50.4,249,140,51
2008-08-19,811.1,gc_futuro,372968,144104,31738,66195,118611,248765,44058,26270,94403,20486,49410,36656,103654,7491,74464,137620,49701,11252,16785,17.1,40.8,23.8,47.2,241,128,53
2008-08-26,822.2,gc_futuro,380766,147240,41961,64868,127926,249845,40732,24092,96269,29048,49787,32101,102911,12448,83377,134486,50971,12913,15081,18.2,39.5,25.0,46.0,243,130,56
2008-09-02,805.0,gc_futuro,382329,139251,46060,65155,136887,244918,41036,26196,89713,36022,50897,34858,99899,12537,89492,132482,49538,10038,14258,19.3,38.2,26.5,44.8,244,119,65
2008-09-09,787.1,gc_futuro,392592,133946,51291,67853,150444,244428,40349,29020,85376,41009,52848,40814,97405,13764,95866,133259,48570,10282,15005,20.2,37.3,27.2,43.6,249,110,75
2008-09-16,776.5,gc_futuro,393814,147720,57429,71222,135086,238108,39786,27055,89779,43587,53690,26141,101777,13324,95621,123007,57941,13842,17532,21.1,35.6,26.8,41.6,254,116,78
2008-09-23,885.5,gc_futuro,368254,156812,35796,66456,102529,243805,42457,22197,96573,23508,52178,19097,93658,15608,67824,134539,60239,12288,14278,16.7,36.1,23.2,43.2,243,120,56
2008-09-30,874.2,gc_futuro,336598,141026,23240,58897,92860,233698,43815,20763,88674,13550,48060,25116,93073,8618,59126,132007,52352,9690,10837,17.2,38.3,24.4,45.3,232,120,47
2008-10-07,878.4,gc_futuro,329480,137672,26059,59010,90270,221577,42528,22834,87411,17386,48097,28943,89564,7938,53389,124075,50261,8673,10913,15.6,39.1,23.0,45.4,234,123,43
2008-10-14,836.3,gc_futuro,323496,131093,24268,57537,90552,216295,44314,25396,84083,14296,45421,31767,83650,14136,44649,118509,47010,9972,12116,15.8,39.6,23.4,44.1,234,117,43
2008-10-21,766.1,gc_futuro,319472,125951,26749,57677,98664,207457,37180,27589,74401,18759,44875,35728,78521,14299,48637,114637,51550,7990,12802,15.8,39.5,23.6,44.1,231,112,49
2008-10-28,739.3,gc_futuro,313709,117638,39323,56317,108336,193412,31418,24657,69214,23048,41635,37159,71131,15139,56038,107142,48424,16275,14682,16.5,37.1,23.7,42.7,226,103,60
2008-11-04,756.0,gc_futuro,303908,118166,49971,51192,102401,178807,32149,23938,71373,25156,34659,35755,67288,19826,46820,91693,46793,24815,16533,17.0,36.5,24.8,46.0,236,112,57
2008-11-11,732.0,gc_futuro,293831,116351,52392,48738,98118,167614,30624,25087,65794,28922,30937,33343,53608,18680,46095,95326,50557,23470,17801,16.3,36.1,24.4,45.9,240,110,63
2008-11-18,732.6,gc_futuro,289700,111063,46234,46350,95697,166813,36590,30303,62986,23776,27941,31885,49987,14023,49789,102803,48077,22458,18409,15.8,36.9,23.0,45.1,230,110,55
2008-11-25,818.4,gc_futuro,276567,115014,33142,37697,88357,181592,35499,24136,73051,15312,23797,33785,46919,9107,45465,125566,41963,17830,13900,16.2,40.4,23.5,47.3,216,111,39
2008-12-02,781.3,gc_futuro,264796,111592,27223,36173,83482,177770,33549,23630,69409,8657,22428,35924,47001,7048,40510,123721,42183,18566,13745,17.4,41.9,25.5,50.3,207,105,36
2008-12-09,772.4,gc_futuro,261001,111284,28129,32980,83274,178146,33463,21746,69760,11925,19174,33815,48018,7399,42060,122729,41524,16204,13806,18.7,43.0,27.0,50.1,201,98,40
2008-12-16,841.7,gc_futuro,282915,132674,24425,34682,78482,201593,37077,22215,85191,11859,20796,28645,54483,8157,41680,138953,47483,12566,13886,20.5,41.6,27.6,49.7,211,105,41
2008-12-22,846.2,gc_futuro,291022,141246,21458,36928,79850,212647,32998,19989,94571,6768,22227,29296,61974,8338,42216,142335,46675,14690,14701,22.3,43.0,30.3,51.7,223,110,44
2008-12-30,869.3,gc_futuro,300448,146292,20331,37890,78765,221538,37501,20689,99432,7545,23216,28748,62401,10244,39773,148893,46860,12786,14674,24.6,42.1,32.3,52.8,230,118,45
2009-01-06,865.4,gc_futuro,320391,152569,18965,41959,85948,235430,39915,24037,104828,6338,26857,32942,63213,11587,41419,160630,47741,12627,15102,23.9,41.1,31.1,51.4,234,126,41
2009-01-13,820.1,gc_futuro,318185,146167,18549,42736,90615,232178,38667,24722,96909,6889,25525,35190,59085,10803,44622,162290,49258,11660,17211,24.0,44.0,31.4,52.5,225,122,39
2009-01-20,854.6,gc_futuro,331507,146910,22973,43929,99813,238744,40855,25861,101220,8898,26946,37529,59262,11400,50884,168082,45690,14075,16983,23.6,40.6,31.0,50.2,242,130,47
2009-01-27,899.2,gc_futuro,354191,165652,24538,39876,102080,260456,46583,29321,118261,12696,22988,37011,60094,11009,54060,189353,47391,11842,16888,25.8,39.9,32.6,50.8,251,138,49
2009-02-03,892.0,gc_futuro,346288,181020,25714,23394,95920,273509,45954,23671,130230,12946,10320,34804,65151,12001,49115,196357,50790,12768,13074,28.0,44.0,34.4,54.6,259,147,44
2009-02-10,913.7,gc_futuro,350858,188898,25276,22856,94052,282764,45052,19962,135286,12626,9760,34693,66602,11384,47975,204778,53612,12650,13096,27.2,45.2,33.4,56.0,263,144,50
2009-02-17,967.0,gc_futuro,361619,195966,30045,24111,90051,286411,51491,21052,137668,14501,9923,32315,66375,12279,45457,207757,58298,15544,14188,25.1,42.8,30.8,53.2,270,144,57
2009-02-24,969.1,gc_futuro,372697,199830,37965,22275,97256,288192,53336,24265,142009,11416,8399,39592,67867,13739,43925,206586,57821,26549,13876,23.7,40.5,29.3,52.1,280,150,62
2009-03-03,912.9,gc_futuro,365271,189580,30287,24383,99652,288053,51656,22548,142338,7446,10837,41224,65968,16295,42133,205790,47242,22841,13546,24.0,42.9,29.5,55.3,277,153,55
2009-03-10,895.6,gc_futuro,371321,178160,33372,33438,107448,280299,52275,24212,136814,8042,17520,41893,58774,19517,46038,202008,41346,25330,15918,23.8,41.9,29.6,53.3,259,145,50
2009-03-17,916.4,gc_futuro,376237,175190,24795,34677,118398,294082,47972,22683,134182,6202,17742,37618,62742,16708,64072,214632,41008,18593,16935,27.1,43.0,32.8,55.0,275,153,50
2009-03-24,923.3,gc_futuro,387177,178635,26708,31512,128889,310178,48141,18779,134155,8485,14497,33170,63959,18983,76736,227236,44480,18223,17015,26.7,41.6,32.0,55.0,280,157,54
2009-03-31,922.6,gc_futuro,368618,182986,28127,27784,108489,290415,49359,22292,138279,7794,14602,28355,64435,16518,63616,209462,44707,20333,13182,29.3,45.3,35.2,59.3,258,147,49
2009-04-07,882.2,gc_futuro,344929,165377,37565,29755,100993,254216,48804,23393,126084,14927,15940,31985,63976,17521,51487,172719,39293,22638,13815,28.4,43.7,34.6,55.6,254,133,64
2009-04-14,890.9,gc_futuro,336930,165866,35971,30248,92383,245892,48433,24819,125729,13705,15600,30433,65631,17083,44867,163178,40137,22266,14648,27.1,43.7,33.5,55.1,258,136,64
2009-04-21,882.1,gc_futuro,339226,164328,35961,34753,93836,243444,46309,25068,123645,12331,19293,28407,62727,19297,46132,161420,40683,23630,15460,26.5,43.1,32.8,53.9,271,139,69
2009-04-28,892.8,gc_futuro,343037,166821,37721,34109,92061,245480,50046,25727,123760,15478,17523,29816,62783,18997,43248,163700,43061,22243,16586,25.6,42.7,31.8,53.9,280,146,67
2009-05-05,903.7,gc_futuro,341461,171493,41502,33362,81437,241882,55169,24715,126846,12219,16251,28198,62913,18169,35070,160800,44647,29283,17111,23.7,43.3,30.0,54.5,281,156,61
2009-05-12,923.5,gc_futuro,359517,184509,45632,36828,84161,255341,54019,21716,136934,12773,15428,30015,65813,17683,36463,171845,47575,32859,21400,22.2,42.1,28.2,54.5,305,173,60
2009-05-19,926.3,gc_futuro,367931,185932,36348,42250,85018,268083,54731,21250,140605,13146,17385,31997,69075,13565,39456,185443,45327,23202,24865,22.0,43.4,27.7,54.5,296,163,60
2009-05-26,953.1,gc_futuro,396965,209733,32425,43273,82709,290845,61250,30422,155440,12542,23297,32139,74646,15295,35275,200904,54293,19883,19976,21.7,43.5,27.2,54.7,283,167,50
2009-06-02,983.2,gc_futuro,391057,215968,28628,38551,80715,307236,55823,16642,162201,9047,24265,29657,76377,13744,37314,217115,53767,19581,14286,23.4,45.3,29.3,57.8,288,176,44
2009-06-09,954.0,gc_futuro,387181,215785,26111,38448,78765,303812,54183,18810,166473,5836,25198,31767,79130,13070,33928,211612,49312,20275,13250,23.6,46.7,29.5,58.7,289,178,47
2009-06-16,931.6,gc_futuro,371997,202687,27144,37909,80885,288253,50516,18691,153484,6654,24601,32014,72342,14520,34351,201391,49203,20490,13308,25.4,47.3,31.5,58.1,272,161,50
2009-06-23,923.9,gc_futuro,370347,195654,29360,39298,84584,279014,50811,22675,149419,10207,24700,35537,70328,15605,33442,193081,46235,19153,14598,25.8,46.4,31.9,56.2,266,155,47
2009-06-30,927.1,gc_futuro,379199,194005,29819,42395,88241,286059,54558,20926,147628,10141,27401,38001,71976,15227,35013,198856,46377,19678,14994,25.1,45.7,31.1,55.5,269,145,63
2009-07-07,928.8,gc_futuro,372985,190386,26242,41389,93002,284309,48208,21045,144471,5708,25557,40951,70104,16053,35998,198152,45915,20534,15832,26.1,43.9,32.3,55.2,270,152,52
2009-07-14,922.5,gc_futuro,370509,185704,26900,44722,94110,276397,45973,22490,140260,8088,26319,41244,72916,19439,33427,184042,45444,18812,18403,26.3,42.0,32.6,53.4,255,140,50
2009-07-21,946.6,gc_futuro,390939,201269,27967,47429,90227,294453,52014,21090,158071,7736,29176,38638,88095,16642,34947,189716,43198,20231,18253,24.5,41.3,30.5,54.5,266,153,47
2009-07-28,939.0,gc_futuro,386340,199452,26681,47039,91473,293994,48376,18626,154908,7570,30291,37453,85971,15663,38357,192360,44544,19111,16748,24.6,40.6,30.2,53.7,267,153,43
2009-08-04,967.5,gc_futuro,392834,217009,23495,41473,82256,310449,52096,17417,174707,7021,26625,34174,101030,12194,35888,197225,42302,16474,14848,23.9,40.7,30.1,54.6,282,165,51
2009-08-11,945.8,gc_futuro,385002,211989,21903,41984,79855,302760,51174,18355,167169,7234,26221,34744,97165,11142,33969,194453,44820,14669,15763,24.6,41.2,31.1,55.0,274,156,48
2009-08-18,937.7,gc_futuro,373810,203467,25937,41603,81498,286043,47242,20227,153525,12039,26260,35224,93097,11244,35030,181702,49942,13898,15343,25.4,40.4,31.6,53.0,273,157,52
2009-08-25,944.5,gc_futuro,379629,205472,22490,43392,82177,293519,48588,20228,156834,7238,28005,36233,95365,11912,34032,186242,48638,15252,15387,25.4,38.9,31.6,52.5,276,161,48
2009-09-01,954.7,gc_futuro,384703,206799,22298,44086,82154,298862,51664,19457,157220,7182,28170,35705,115000,12220,34229,171642,49579,15116,15916,24.6,38.3,30.9,52.1,279,161,50
2009-09-08,997.9,gc_futuro,451713,251708,27032,48382,84842,355639,66781,20660,194723,7174,31984,36572,117708,12329,35941,225602,56985,19858,16398,21.2,37.0,27.2,53.4,336,207,60
2009-09-15,1005.0,gc_futuro,467892,263329,27682,48532,81382,366043,74649,25635,207387,5527,31970,34830,127580,11394,35158,227069,55942,22155,16562,20.5,37.6,26.4,53.9,335,205,62
2009-09-22,1014.2,gc_futuro,467145,265925,29176,47013,80338,367948,73869,23008,208236,5170,31016,33998,132846,11668,34672,223434,57689,24006,15997,21.1,38.1,26.7,54.2,342,208,63
2009-09-29,993.1,gc_futuro,454585,252994,21608,49564,84923,360157,67104,23256,198175,3726,31419,34250,126537,10044,40629,223576,54819,17882,18145,21.3,41.2,27.4,56.6,325,202,51
2009-10-06,1038.6,gc_futuro,484307,269879,30211,51036,81578,363442,81814,39618,215753,6378,33196,35957,129668,10182,35439,223592,54126,23833,17840,21.2,38.7,27.1,53.4,355,209,71
2009-10-13,1064.2,gc_futuro,504187,288214,34259,54262,86071,381997,75640,33669,232086,5232,36177,39405,134056,10125,36541,237816,56128,29027,18085,21.6,38.8,27.6,53.5,355,219,64
2009-10-20,1057.8,gc_futuro,509678,286864,36757,61348,86225,383718,75241,27855,233990,6715,40088,38833,136072,10650,36742,236996,52874,30042,21260,21.4,38.8,27.2,53.3,360,222,68
2009-10-27,1034.7,gc_futuro,497479,272946,31169,59381,89306,372785,75846,34144,217920,7549,39650,39014,133494,13652,36640,225639,55026,23620,19731,22.1,38.9,27.5,53.4,333,199,66
2009-11-03,1084.3,gc_futuro,493991,279524,38205,66381,91788,375640,56298,13765,227499,9278,44423,41498,132517,13612,36678,229511,52025,28927,21958,22.7,38.0,28.0,53.3,357,209,73
2009-11-09,1100.8,gc_futuro,530505,280398,42338,73337,98290,381074,78480,33756,223460,8495,46823,46560,136206,14667,37063,230201,56938,33843,26514,22.0,36.4,27.1,50.2,358,210,74
2009-11-17,1138.8,gc_futuro,533119,284390,48693,68359,99935,381481,80435,34586,222637,8401,39369,47957,135119,14623,37355,231739,61753,40292,28990,22.1,36.8,27.7,50.9,364,209,82
2009-11-24,1165.5,gc_futuro,521253,294780,32449,51230,100243,406347,75000,31227,225366,3589,28911,46498,149524,15583,38162,241240,69414,28860,22319,22.1,41.3,28.0,55.3,349,219,52
2009-12-01,1199.1,gc_futuro,521433,297316,38252,48756,96699,404930,78662,29495,224030,6874,29317,44990,162356,10555,41154,232019,73286,31378,19439,21.8,42.0,28.1,55.2,343,211,61
2009-12-08,1142.8,gc_futuro,505652,290956,36527,53491,87110,386296,74095,29338,213164,5353,35138,39735,146624,10558,36817,229114,77792,31174,18353,21.5,42.9,27.3,54.6,337,206,61
2009-12-15,1122.4,gc_futuro,504368,288482,32374,53412,87400,391191,75074,27391,212517,4429,34010,39986,148121,9878,37536,233192,75965,27945,19402,21.5,43.9,28.0,55.2,327,198,56
2009-12-22,1086.0,gc_futuro,499233,273487,35411,59407,92637,378302,73702,26113,206996,4813,37842,44188,138419,9268,39181,230615,66491,30598,21565,21.9,42.8,28.2,53.8,325,197,57
2009-12-29,1097.0,gc_futuro,491712,263631,33141,60672,94841,373783,72568,24116,201751,5926,38584,44223,137520,9605,41013,226658,61880,27215,22088,22.3,42.8,28.3,54.1,308,186,55
2010-01-05,1118.1,gc_futuro,507643,263008,35241,67958,98195,376746,78482,27698,198506,6907,45804,45718,137247,11966,40511,227533,64502,28334,22154,21.8,41.2,27.6,51.7,331,203,57
2010-01-12,1128.9,gc_futuro,523266,271260,41918,75955,100451,382939,75600,22454,202180,11137,53282,45191,131409,14489,40771,237041,69080,30781,22673,21.4,40.8,26.7,51.5,328,202,58
2010-01-19,1139.7,gc_futuro,528924,261276,39807,82893,109197,382844,75558,23380,200320,7695,58198,46708,129284,18927,43562,234633,60956,32112,24695,21.3,40.8,26.7,50.8,328,196,63
2010-01-26,1097.9,gc_futuro,507565,246223,34299,76151,111492,360110,73699,37005,182133,7766,47295,49961,125270,18951,42580,215889,64090,26533,28856,22.9,40.1,28.5,49.4,302,174,63
2010-02-02,1117.4,gc_futuro,480860,246048,35879,68851,103361,347940,62600,28190,187024,8423,45516,48602,129896,18484,36275,199560,59024,27456,23335,23.4,37.1,29.0,47.6,305,170,64
2010-02-09,1076.7,gc_futuro,466905,222775,41256,70832,110759,324186,62539,30631,166132,13404,46866,54500,120988,17053,39206,186145,56643,27852,23966,23.4,36.2,29.3,45.9,309,162,79
2010-02-16,1119.3,gc_futuro,466509,224715,35857,68959,105334,325212,67501,36481,167613,10459,48494,48447,130623,17881,39006,176708,57102,25398,20465,20.9,36.6,27.2,45.1,304,173,59
2010-02-23,1102.7,gc_futuro,466572,233106,32484,67508,97536,335580,68422,31000,171565,6909,46366,46135,128869,17846,33555,188865,61541,25575,21142,20.6,37.2,26.4,46.0,305,169,62
2010-03-02,1136.9,gc_futuro,482786,239765,32393,72852,101700,353237,68469,24304,182360,5689,51919,46283,136951,22080,33337,194206,57405,26704,20933,20.2,36.9,26.1,46.8,321,182,61
2010-03-09,1122.0,gc_futuro,493909,240868,32674,72523,112952,364739,67566,23973,179078,4670,49950,48572,140804,25201,39179,198734,61790,28004,22573,20.4,36.8,26.2,46.4,321,182,61
2010-03-16,1122.2,gc_futuro,496481,239065,38719,80696,109825,352120,66895,24946,176715,6438,59713,48552,145121,12890,48383,194109,62350,32281,20983,20.2,36.2,26.7,45.7,321,172,71
2010-03-23,1103.5,gc_futuro,495143,221472,37600,83751,124504,348327,65416,25465,162654,8962,59574,49818,140129,17061,57625,191137,58818,28638,24177,20.2,35.2,26.6,44.3,315,167,72
2010-03-30,1104.5,gc_futuro,466678,209874,36108,67642,135472,343163,53690,19765,155355,8135,47247,58930,138981,14536,62006,189646,54519,27973,20395,23.1,35.6,30.0,44.8,298,159,63
2010-04-06,1135.1,gc_futuro,497388,242302,38856,69884,126670,371576,58532,17072,181635,6500,51090,61357,152539,13821,51492,205216,60667,32356,18794,22.2,35.5,28.5,45.1,323,184,61
2010-04-13,1152.8,gc_futuro,528856,262599,41857,69469,135469,398953,61319,18577,200201,3506,50177,67053,158581,17071,51345,223301,62398,38351,19292,21.5,35.5,27.9,45.5,348,209,58
2010-04-20,1138.6,gc_futuro,521338,251244,40593,64759,139961,397357,65374,18629,199008,6768,45512,70571,153015,17298,52092,227044,52236,33825,19247,22.4,37.0,28.4,46.4,331,192,57
2010-04-27,1161.7,gc_futuro,538591,263472,37804,62744,145584,411106,66791,26937,210203,4760,43860,73487,162343,18165,53932,230598,53269,33044,18884,22.1,35.3,28.1,45.5,335,190,64
2010-05-04,1168.6,gc_futuro,551616,271511,40964,64110,151675,423261,64320,23281,217433,9645,42213,75279,158949,21660,54736,242652,54078,31319,21897,22.1,36.2,28.3,45.6,352,208,66
2010-05-11,1219.9,gc_futuro,583504,282375,46550,58622,168306,450950,74201,27382,224664,7134,38629,87572,153463,25368,55366,272119,57711,39416,19993,22.5,36.7,28.0,46.4,356,203,74
2010-05-18,1214.3,gc_futuro,579758,281985,50315,56608,170172,449916,70993,22919,226337,6542,37290,91471,152118,25166,53535,272632,55648,43773,19318,23.3,37.0,29.0,46.7,369,214,74
2010-05-25,1197.8,gc_futuro,591360,271184,43493,86772,167088,435467,66316,25628,212919,7703,40545,88700,147903,20919,57469,266645,58265,35790,46227,22.1,36.2,27.4,45.7,327,189,57
2010-06-01,1224.8,gc_futuro,553950,266569,42023,50917,172487,440110,63977,20900,210717,4459,36762,93065,150011,20473,58949,269626,55852,37564,14155,23.9,39.0,29.7,49.6,334,199,57
2010-06-08,1244.0,gc_futuro,564792,270729,43331,50242,175948,449525,67873,21694,215177,5161,36019,93916,151122,19119,62913,279284,55552,38170,14223,23.7,38.0,29.5,49.2,344,208,55
2010-06-15,1233.2,gc_futuro,569204,273657,43406,50838,178313,457257,66396,17703,215511,4021,35355,95114,153757,21208,61991,282292,58146,39385,15483,23.3,39.5,29.0,50.6,348,217,54
2010-06-22,1239.9,gc_futuro,602411,283920,45286,57889,186762,475678,73840,23558,223219,4354,41709,95068,160975,25050,66644,289653,60701,40932,16180,22.2,38.1,28.0,49.3,356,225,55
2010-06-29,1242.0,gc_futuro,601138,279992,35267,62147,192020,481976,66979,21748,219365,4903,42606,94531,176272,28951,68538,276753,60627,30364,19541,22.5,37.7,28.1,48.7,348,220,53
2010-07-06,1194.8,gc_futuro,577732,251273,42231,59035,203285,452427,64139,24039,193032,11299,38069,93543,162444,32671,77071,257312,58241,30932,20966,23.7,40.7,29.9,50.7,336,191,70
2010-07-13,1213.3,gc_futuro,568078,243867,38946,61448,198305,446653,64458,21031,188892,8138,38632,92109,159710,32070,74126,254873,54975,30808,22816,24.1,40.5,29.9,50.8,339,198,66
2010-07-20,1191.5,gc_futuro,559473,227963,49656,63477,208787,424451,59246,21889,169169,20798,42514,93794,154826,20556,94437,249069,58794,28858,20963,28.0,39.9,33.8,51.1,326,184,69
2010-07-27,1158.0,gc_futuro,560066,228251,39350,74039,193521,421076,64255,25601,167161,14269,53379,93008,154384,23391,77122,243301,61090,25081,20660,25.3,38.5,31.0,48.0,327,178,75
2010-08-03,1185.2,gc_futuro,518643,222704,37189,59542,179968,401997,56429,19915,167800,11435,44892,89916,157518,20612,69440,223867,54904,25754,14650,26.7,38.7,33.3,49.3,304,170,67
2010-08-10,1196.2,gc_futuro,523078,224485,33798,64875,174249,405229,59469,19176,167837,9244,48151,88837,162218,20301,65111,222710,56648,24554,16724,25.7,36.4,32.0,48.5,311,177,63
2010-08-17,1226.6,gc_futuro,543674,240954,36726,66794,172331,421901,63595,18253,182555,5336,49936,89512,170928,20759,62060,230214,58399,31390,16858,25.0,36.3,31.3,48.2,330,195,62
2010-08-24,1231.8,gc_futuro,556464,256244,35053,65276,172529,436829,62415,19306,201864,5780,47910,90026,177814,20842,61661,238173,54380,29273,17366,24.6,35.8,30.2,47.6,337,202,61
2010-08-31,1248.3,gc_futuro,577352,272509,34432,67118,171275,455836,66450,19966,215631,6431,49121,88647,188324,21319,61309,246193,56878,28001,17997,23.5,35.4,29.2,47.1,339,209,54
2010-09-07,1257.3,gc_futuro,585564,275367,35670,68386,171591,459271,70220,22237,217437,6410,49410,88351,188906,21221,62019,249144,57930,29260,18976,23.0,35.8,29.0,48.3,332,207,52
2010-09-14,1269.7,gc_futuro,594058,286237,41976,66120,171449,464388,70252,21574,225821,7571,49498,85848,193132,21939,63662,249317,60416,34405,16622,22.8,35.3,29.0,48.1,349,212,65
2010-09-21,1272.4,gc_futuro,597592,286568,42555,66691,173670,465978,70663,22368,219781,5982,49145,89489,197503,22917,61264,245558,66787,36573,17546,23.4,34.8,29.6,47.7,358,217,67
2010-09-28,1306.6,gc_futuro,619408,297272,39623,66647,182276,485016,73213,28122,231457,7049,49042,94689,207245,23333,64254,254438,65815,32574,17605,23.4,34.9,29.7,48.0,365,226,68
2010-10-05,1338.9,gc_futuro,617204,300571,40951,69982,179071,478569,67580,27702,227061,8345,53310,95369,205478,21536,62166,251555,73510,32606,16672,23.5,33.8,29.8,47.5,372,228,68
2010-10-12,1345.7,gc_futuro,616382,304564,48690,67046,177524,477546,67248,23100,233925,9966,49740,93690,203199,20482,63352,253865,70639,38724,17306,22.9,34.7,29.3,48.4,374,222,73
2010-10-19,1335.1,gc_futuro,630626,299275,49523,84737,177820,470902,68794,25464,220360,11613,64633,94404,196835,22547,60869,251520,78915,37910,20104,22.1,34.4,27.8,47.9,382,223,81
2010-10-26,1338.0,gc_futuro,607582,283153,44067,79892,174257,456692,70280,26931,209780,11743,60978,94845,192635,22061,57351,241996,73373,32324,18914,22.9,35.1,28.6,48.7,361,217,71
2010-11-02,1356.4,gc_futuro,618381,282707,52479,82527,184286,460898,68861,22477,211627,16033,60966,97926,189560,22356,64004,248982,71080,36446,21561,22.7,35.1,28.3,48.4,367,210,76
2010-11-09,1409.8,gc_futuro,650764,298005,51826,100000,181532,472485,71227,26453,208053,19379,75588,95902,190633,22351,63279,259501,89952,32447,24412,21.0,33.8,26.0,46.8,379,225,73
2010-11-16,1338.3,gc_futuro,637435,267157,48678,105592,189737,454645,74949,28520,183835,17233,79118,95957,191674,21700,72080,241271,83322,31445,26474,21.8,34.4,26.9,45.3,356,198,80
2010-11-23,1377.5,gc_futuro,622712,261969,40640,91080,191319,455212,78344,35780,185172,15166,70028,95262,187727,22828,73229,244657,76797,25474,21052,22.2,35.4,27.6,45.3,319,189,54
2010-11-30,1385.0,gc_futuro,600158,265824,38217,80653,183793,454262,69888,27026,187247,11873,62225,91958,194437,21111,70724,238714,78577,26344,18428,22.2,36.9,27.8,47.8,323,202,50
2010-12-07,1408.3,gc_futuro,603632,269504,36753,79139,181151,459824,73838,27916,190212,10455,59438,91799,192672,21630,67722,245522,79292,26298,19701,21.7,36.9,27.1,47.6,340,206,59
2010-12-14,1403.6,gc_futuro,594652,259917,39722,77570,184736,452871,72429,24489,180601,11976,59632,94016,195589,20119,70601,237163,79316,27746,17938,22.2,36.7,27.6,47.2,339,205,56
2010-12-21,1388.2,gc_futuro,582133,251722,45298,67525,194090,445898,68796,23412,172385,14735,52117,97973,194956,20118,75999,230824,79337,30563,15408,23.1,35.9,28.8,46.5,339,203,59
2010-12-28,1405.2,gc_futuro,594490,258145,42357,73193,190440,450210,72712,28730,180866,12952,52679,95816,197705,19581,75043,232924,77279,29405,20514,22.3,35.3,27.6,46.0,346,206,61
2011-01-04,1378.5,gc_futuro,592613,250305,47987,68997,193319,447901,79992,27728,172298,16163,50911,94514,187982,21493,77312,238426,78007,31824,18086,22.4,35.1,27.7,45.5,360,209,69
2011-01-11,1384.0,gc_futuro,588179,234333,56961,82517,201336,426400,69993,22301,160750,21194,61548,97363,172993,21325,82648,232082,73583,35767,20969,23.1,32.2,28.7,43.4,335,184,69
2011-01-18,1368.1,gc_futuro,587832,237404,72411,81307,201589,408060,67532,26054,159114,25874,63507,94446,167656,22640,84503,217764,78290,46537,17800,22.8,28.7,28.5,39.8,355,186,85
2011-01-25,1332.3,gc_futuro,506047,232725,72136,25547,181815,379298,65960,29066,160562,22345,7984,93948,163849,22466,65401,192983,72163,49791,17563,26.3,33.1,32.7,44.7,346,176,89
2011-02-01,1339.6,gc_futuro,462907,212265,61071,25247,159816,353013,65579,23576,145530,21797,9046,79773,151982,21638,58405,179393,66735,39274,16201,25.9,36.1,32.6,47.3,321,164,82
2011-02-08,1363.4,gc_futuro,469779,226799,59706,21916,154774,364685,66290,23472,159732,18223,7321,75858,162056,22097,56819,180532,67067,41483,14595,24.8,35.3,31.4,46.6,326,177,70
2011-02-15,1373.6,gc_futuro,473345,230943,58099,21528,153168,371794,67706,21924,166406,12172,8713,73331,165700,22728,57109,183366,64537,45927,12815,23.2,34.7,29.5,47.0,334,182,73
2011-02-22,1400.5,gc_futuro,502119,246967,66543,23760,157951,389757,73441,22059,185082,16633,9152,77369,174651,24296,56286,190810,61885,49910,14608,22.3,33.3,28.5,44.9,362,206,78
2011-03-01,1430.7,gc_futuro,515784,257754,60501,27992,155830,406426,74208,20865,199371,10555,10984,71436,180326,28142,56252,197958,58383,49946,17008,19.7,32.7,26.3,45.2,358,213,68
2011-03-08,1426.9,gc_futuro,515214,253434,62494,32206,152903,400367,76671,20147,197377,8757,9819,68788,169838,27092,57023,203437,56057,53737,22387,19.6,32.5,26.5,44.4,360,215,66
2011-03-15,1392.6,gc_futuro,507760,240661,66090,31471,168330,388484,67298,21715,187986,11748,13812,73577,157105,30839,63914,200540,52675,54342,17659,20.7,32.9,26.9,43.5,345,195,78
2011-03-22,1427.5,gc_futuro,509131,231512,56675,43600,162616,387415,71403,21441,183912,5037,14237,72601,155495,29180,60835,202740,47600,51638,29363,20.5,32.0,26.8,42.5,339,199,64
2011-03-29,1416.0,gc_futuro,492087,242343,49222,22806,158429,399198,68509,20861,196020,4603,7071,63666,149423,26634,68129,223141,46323,44619,15735,19.4,31.6,26.0,43.7,331,208,52
2011-04-05,1451.8,gc_futuro,508956,259792,55086,16131,157327,415992,75706,21747,213018,6324,3129,66572,166613,23712,67043,225667,46774,48762,13002,19.1,31.6,25.8,44.2,356,218,61
2011-04-12,1452.9,gc_futuro,514871,261335,59590,24447,157498,411186,71591,19648,208714,6810,6539,67862,159740,21910,67726,229536,52621,52780,17908,19.1,31.2,26.0,44.0,358,217,68
2011-04-19,1494.5,gc_futuro,537946,274208,59282,30440,157793,424341,75505,23883,216243,4506,6808,68294,162539,24654,64845,237148,57965,54776,23632,18.2,30.0,24.8,43.9,364,233,59
2011-04-26,1503.0,gc_futuro,530132,260607,59341,28362,167035,416029,74128,26400,207496,5079,8751,71574,159529,28744,66717,227756,53111,54262,19611,19.4,30.1,26.4,43.7,357,223,56
2011-05-03,1540.1,gc_futuro,522323,259440,66784,27637,161934,402036,73312,25866,203624,10746,7777,71213,149022,32450,58271,220564,55816,56038,19860,19.8,29.6,27.1,43.9,361,222,62
2011-05-10,1516.6,gc_futuro,510151,240975,64636,21744,178418,399999,69014,23772,191435,10461,7817,81148,142836,33863,63407,223300,49540,54175,13927,21.7,30.6,28.5,44.9,341,198,68
2011-05-17,1479.8,gc_futuro,509164,227421,62818,27803,189113,396062,64827,22481,181722,7934,11070,81691,136382,37465,69957,222215,45699,54884,16733,21.8,29.9,28.4,43.6,332,187,71
2011-05-24,1523.2,gc_futuro,531180,240461,68067,38165,185259,402496,67295,22452,191481,14589,15377,78629,136079,32129,74501,234288,48980,53478,22788,20.5,28.1,27.2,41.4,355,202,73
2011-05-31,1535.9,gc_futuro,501400,247185,55411,15917,170783,411291,67515,18781,197416,10101,4803,74032,141949,26920,69831,242422,49769,45310,11114,21.8,30.1,28.6,44.8,320,199,51
2011-06-07,1543.3,gc_futuro,502251,251837,53129,14209,168869,416553,67336,18360,203518,7648,3343,80091,150041,24947,63831,241565,48319,45481,10866,23.1,31.2,29.4,47.0,326,207,47
2011-06-14,1523.8,gc_futuro,497780,247713,56018,14270,171824,409253,63973,18239,197429,9643,3568,79154,145393,26877,65793,236983,50284,46375,10702,23.6,31.1,29.8,46.6,331,207,52
2011-06-21,1546.0,gc_futuro,515016,262254,59027,16931,167811,419058,68020,20000,213479,7220,5146,76888,149148,23597,67326,246313,48775,51807,11785,22.5,31.5,28.6,46.3,348,215,64
2011-06-28,1499.7,gc_futuro,495761,225982,60080,24711,177824,386579,67244,24391,178804,9233,8131,81495,137861,24472,71857,224246,47178,50847,16580,24.0,30.7,30.1,44.3,320,189,59
2011-07-05,1512.3,gc_futuro,489782,219889,62114,27693,177118,379120,65082,20855,173769,8346,10448,78864,135243,25961,72293,217916,46120,53768,17245,24.3,30.9,30.4,43.8,325,188,63
2011-07-12,1561.9,gc_futuro,520202,262515,64918,20012,167806,412055,69869,23217,208383,9278,4027,71779,145208,28120,67907,238727,54132,55640,15985,22.3,30.9,28.3,43.5,356,212,68
2011-07-19,1600.9,gc_futuro,542342,277492,58195,34731,162395,426209,67724,23207,220116,9827,8827,72982,160217,20417,68996,245575,57376,48368,25904,20.4,30.4,26.5,43.8,383,229,72
2011-07-26,1616.6,gc_futuro,536454,278473,42856,24264,158260,441233,75457,28101,221551,8050,6597,67650,150067,22064,68546,269102,56922,34806,17667,20.0,31.9,26.2,46.2,358,226,61
2011-08-02,1641.9,gc_futuro,529403,291974,44799,15714,155014,442648,66701,26242,237847,9023,949,63956,155650,19558,71500,267440,54127,35776,14765,19.8,31.1,26.2,46.9,375,239,64
2011-08-09,1740.0,gc_futuro,510223,259388,55815,14425,163472,412678,72938,27305,201303,9893,1905,69425,132788,16772,77275,263118,58085,45922,12520,20.3,30.7,26.4,43.9,366,213,76
2011-08-16,1782.4,gc_futuro,514107,263954,63868,19081,160562,409409,70510,21749,213261,13386,2098,63910,123935,17489,79163,267985,50693,50482,16983,19.0,30.0,25.2,42.6,372,219,77
2011-08-23,1858.3,gc_futuro,528520,258641,70960,24776,175150,405586,69953,27198,202430,10108,7880,68569,111925,17738,88843,275923,56211,60852,16896,19.1,28.6,25.4,40.3,357,212,76
2011-08-30,1826.7,gc_futuro,509326,237230,60283,29509,176476,393831,66111,25703,189799,6727,9366,60237,88980,22119,94120,282732,47431,53556,20143,20.0,28.3,26.2,38.4,335,194,70
2011-09-06,1869.9,gc_futuro,523294,248457,64086,31105,174101,401815,69631,26288,195197,7002,8560,63389,90803,20429,90283,290583,53260,57084,22545,19.3,27.9,25.1,37.5,350,201,76
2011-09-13,1826.8,gc_futuro,512068,235395,66548,28645,183452,393920,64576,22955,182461,6192,7273,66079,91933,23937,93436,278050,52934,60356,21372,20.2,29.3,26.1,39.4,351,202,73
2011-09-20,1806.6,gc_futuro,499356,212809,62280,30150,187257,384885,69140,22041,159718,8293,7659,69260,84944,21754,96243,278187,53091,53987,22491,18.9,31.1,24.7,41.0,348,197,78
2011-09-27,1650.6,gc_futuro,465414,181723,53922,28003,192457,359140,63231,24349,136103,13628,8131,70248,74518,20356,101853,264266,45620,40294,19872,20.2,32.8,26.3,41.5,314,164,76
2011-10-04,1614.7,gc_futuro,436920,180635,47479,22119,180289,345040,53877,22282,133320,12631,3322,73944,72082,11930,94415,261028,47315,34848,18797,21.4,35.0,27.5,44.8,324,172,82
2011-10-11,1659.7,gc_futuro,438090,179125,44623,22377,179749,348227,56839,22863,134111,12090,3333,71694,69440,15550,92505,263237,45014,32533,19044,21.3,34.8,27.2,44.5,311,171,69
2011-10-18,1651.7,gc_futuro,437739,175224,48246,23258,182341,341494,56916,24741,132678,14779,4995,72048,63317,15311,94982,262866,42546,33467,18263,21.5,32.3,27.5,42.1,320,170,74
2011-10-25,1699.6,gc_futuro,443723,182146,52425,23518,175677,343791,62382,23989,141961,15391,5953,68973,62250,15614,91090,265927,40185,37034,17565,20.9,31.3,26.7,41.8,332,176,81
2011-11-01,1711.0,gc_futuro,442435,183149,43204,25432,170316,352716,63538,21083,144879,11868,6395,63643,65975,17678,88995,269063,38270,31336,19037,19.8,31.6,25.5,42.5,327,179,78
2011-11-08,1798.4,gc_futuro,464982,200186,44479,18558,170248,367183,75990,34762,155632,9577,3792,60169,68611,24945,85134,273627,44554,34902,14766,17.8,32.0,23.4,41.4,333,191,71
2011-11-15,1781.7,gc_futuro,470490,205417,46203,26282,170594,374757,68197,23248,159850,8940,6756,51941,68065,30879,87774,275813,45567,37263,19526,16.4,31.9,22.3,41.3,345,196,77
2011-11-22,1702.2,gc_futuro,457070,194066,33096,25222,170098,362511,67684,36241,146180,8498,8212,40204,68084,31118,98776,263309,47886,24598,17010,15.9,27.6,21.5,37.3,306,158,74
2011-11-29,1713.4,gc_futuro,423176,186031,31238,22953,151929,345474,62263,23511,141009,7215,7882,40247,65863,23578,88104,256033,45022,24023,15071,17.0,31.4,23.1,40.8,303,166,63
2011-12-06,1727.9,gc_futuro,422956,192752,33041,23758,142443,343943,64003,22214,146486,8794,8391,43192,67012,20547,78704,256384,46266,24247,15367,16.9,32.6,23.1,42.5,306,174,58
2011-12-13,1659.9,gc_futuro,427699,184468,33965,29626,152357,338574,61248,25534,137811,10674,11769,50987,65336,17596,83774,255642,46657,23291,17857,17.5,32.0,24.3,42.0,302,156,71
2011-12-20,1615.6,gc_futuro,423465,172973,39037,34102,159783,324337,56607,25989,124617,13147,14719,58225,65412,16220,85338,242705,48356,25890,19383,18.2,30.0,25.2,41.4,300,154,77
2011-12-27,1594.2,gc_futuro,418945,167413,36625,31683,162522,326454,57327,24183,120594,14551,12279,58198,66946,18000,86324,241508,46819,22074,19404,18.6,30.4,25.3,41.9,300,148,77
2012-01-03,1599.7,gc_futuro,423275,169339,38368,33357,164117,325960,56462,25590,121961,17399,13412,57148,66627,20393,86576,238940,47378,20969,19945,19.2,29.9,25.4,40.2,295,142,78
2012-01-10,1631.0,gc_futuro,417923,166262,33502,33354,160949,327523,57358,23544,118994,15014,13000,52261,67895,20282,88406,239346,47268,18488,20354,18.4,29.9,23.9,39.7,305,161,68
2012-01-17,1655.2,gc_futuro,432838,167373,31344,34061,172691,345667,58713,21766,120582,11927,14364,51350,58417,31488,89853,255762,46791,19417,19697,16.4,30.5,22.1,40.8,301,163,66
2012-01-24,1664.2,gc_futuro,427032,173479,31256,29518,164048,343816,59987,22442,127512,10356,10088,48199,56319,30694,85155,256803,45967,20900,19430,16.3,30.9,22.2,42.1,304,171,59
2012-01-31,1737.8,gc_futuro,425133,197478,26119,22607,147555,357417,57493,18990,149921,5973,7917,33019,62383,30687,83849,264347,47557,20146,14690,15.6,32.7,21.4,44.5,308,183,56
2012-02-07,1746.4,gc_futuro,436061,207620,30113,23541,143085,364157,61815,18250,161575,5966,8551,35358,67271,27994,79733,268892,46045,24147,14990,15.9,33.1,21.5,44.9,315,187,60
2012-02-14,1715.9,gc_futuro,431164,200332,32912,24718,146818,356226,59296,17308,156994,8005,8257,37712,66322,29381,79725,260523,43338,24907,16461,16.4,32.4,21.7,44.1,315,183,65
2012-02-21,1757.1,gc_futuro,456676,214343,33382,29906,146004,375306,66423,18082,169144,8850,10917,36492,72311,30060,79452,272935,45199,24532,18989,15.6,32.3,20.8,44.0,331,201,60
2012-02-28,1787.0,gc_futuro,479044,231050,37830,32561,145061,390412,70372,18241,184843,7700,13711,36861,80431,29301,78899,280680,46207,30130,18850,15.2,32.1,20.5,43.8,333,200,61
2012-03-06,1671.4,gc_futuro,443249,198112,34847,33759,152969,353177,58409,21466,153286,11445,12414,43615,74719,27477,81877,250981,44826,23402,21345,16.6,29.6,21.8,40.9,314,178,68
2012-03-13,1693.7,gc_futuro,442319,190477,39571,38457,151435,343123,61950,21168,146286,12668,12058,46312,71399,23971,81152,247753,44191,26903,26399,15.9,29.2,21.3,40.5,316,178,72
2012-03-20,1646.7,gc_futuro,431039,175009,43546,31719,166859,332997,57452,22777,129938,16840,11709,51279,65845,30350,85230,236802,45071,26706,20010,16.4,26.4,22.0,38.5,299,158,73
2012-03-27,1684.8,gc_futuro,417304,182369,34548,22659,152335,337411,59941,22686,136546,12463,6004,50185,76178,25615,76535,235618,45823,22085,16655,16.1,29.5,22.0,42.3,294,174,55
2012-04-03,1670.0,gc_futuro,407761,175592,33827,20401,155751,333215,56017,20318,126887,13847,5455,51098,78239,25286,79367,229690,48705,19980,14946,16.4,28.7,22.5,42.2,283,166,51
2012-04-10,1659.5,gc_futuro,403989,170996,34343,27567,148103,319152,57323,22927,119710,15480,11513,49178,77698,20252,78673,221202,51286,18863,16054,16.6,27.2,22.4,40.5,286,161,60
2012-04-17,1650.3,gc_futuro,398526,168700,26695,28760,145730,321821,55336,21250,117770,10194,11247,46945,73745,23194,75591,224882,50930,16501,17513,16.8,27.8,22.5,41.0,286,161,58
2012-04-24,1643.0,gc_futuro,395389,165003,30009,26739,148994,316231,54653,22410,115706,12356,9070,45255,71491,24823,78916,219917,49297,17653,17669,17.1,27.1,23.0,39.7,289,148,70
2012-05-01,1661.7,gc_futuro,411972,169568,29175,31031,153584,331587,57789,20179,119865,9809,12155,45266,73822,29120,79198,228645,49703,19366,18876,16.4,27.5,21.9,40.4,287,154,61
2012-05-08,1604.0,gc_futuro,417798,166130,42827,36540,161037,312492,54091,25939,113307,22935,11061,44175,61933,34165,82697,216394,52823,19892,25479,16.7,24.2,22.2,36.3,310,151,83
2012-05-15,1556.8,gc_futuro,422091,164051,49909,35429,170616,309533,51995,27220,112920,32822,12198,46907,55235,41727,81982,212571,51131,17087,23231,17.6,22.6,23.6,34.2,309,157,77
2012-05-22,1576.3,gc_futuro,435706,169551,54400,40854,172750,308348,52551,32104,113453,38808,14057,54353,54271,25196,93201,228881,56098,15592,26797,17.1,22.8,23.1,33.8,300,151,75
2012-05-29,1548.6,gc_futuro,419991,167439,56727,32488,170208,300917,49856,29859,113383,40857,12366,54724,57513,26221,89263,217183,54056,15870,20122,17.5,22.7,23.8,34.3,290,151,68
2012-06-05,1615.2,gc_futuro,423941,183962,55098,30144,154597,310719,55238,27980,124211,35621,10322,55084,69368,24254,75259,217097,59751,19477,19822,17.3,24.3,23.9,36.3,285,155,64
2012-06-12,1612.7,gc_futuro,412244,181259,48944,30139,147076,305866,53770,27295,120365,32492,8871,49384,68982,22337,75355,214547,60894,16452,21268,17.2,23.6,23.6,35.4,289,160,63
2012-06-19,1622.2,gc_futuro,418492,184393,47989,29907,150812,314503,53380,26093,121411,28260,7712,52122,63347,21241,77449,229915,62982,19729,22195,17.2,25.4,23.9,36.7,301,166,66
2012-06-26,1574.0,gc_futuro,413618,174589,51970,30452,155729,299889,52848,31307,110884,33389,8015,57339,57627,19018,79372,223244,63705,18581,22437,18.4,24.2,25.2,36.0,300,155,79
2012-07-03,1621.3,gc_futuro,425068,187263,50048,28717,154926,321563,54162,24740,125464,29245,8724,50550,61066,24033,80343,236464,61799,20803,19993,17.8,24.5,24.7,36.9,289,149,70
2012-07-10,1579.3,gc_futuro,429854,182156,55921,30232,163399,316165,54067,27536,115071,34784,8722,54038,53239,28689,80672,234237,67085,21137,21510,17.3,24.2,24.0,36.2,288,150,70
2012-07-17,1589.1,gc_futuro,431317,180474,51515,32493,162570,321389,55780,25920,109800,28444,8121,55690,56308,27003,79877,238078,70674,23071,24372,16.8,25.4,23.5,37.2,285,151,64
2012-07-24,1576.0,gc_futuro,420296,166085,53108,33793,166448,302693,53970,30702,92963,33154,11695,55448,54022,28607,82393,220064,73122,19954,22098,14.7,23.1,21.7,34.4,280,153,59
2012-07-31,1610.5,gc_futuro,403403,171331,45267,22297,155355,311367,54420,24472,105196,24339,7566,52701,60967,23183,79471,227217,66135,20928,14731,14.0,24.6,21.1,36.0,294,167,59
2012-08-07,1609.7,gc_futuro,388254,163082,47582,21030,149011,295429,55131,24213,96887,27177,5958,49288,60873,22688,77035,211868,66195,20405,15072,13.7,22.3,20.8,33.9,291,160,65
2012-08-14,1599.4,gc_futuro,388187,161435,47131,25318,147418,291358,54016,24380,95478,28822,7201,50179,61751,22840,74399,206767,65957,18309,18117,14.0,21.0,21.3,32.9,296,159,68
2012-08-21,1639.9,gc_futuro,398747,170780,40096,26253,137903,309125,63811,23273,111063,19478,6719,41776,69766,23842,72285,215517,59717,20618,19534,13.2,21.1,19.3,33.8,315,182,55
2012-08-28,1666.5,gc_futuro,426559,194680,36189,24517,139050,342674,68312,23179,127743,14577,6834,38045,81300,27872,73133,233502,66937,21612,17683,12.1,23.3,18.0,35.6,328,199,52
2012-09-04,1692.9,gc_futuro,444489,204945,34481,28213,139746,359132,71585,22663,136347,13420,7216,40011,80804,27788,71947,250540,68598,21061,20997,11.8,25.9,17.5,37.8,332,205,52
2012-09-11,1731.8,gc_futuro,460531,214403,32387,28067,143148,380239,74913,19838,147696,10083,7935,39378,83003,31033,72737,266203,66707,22304,20132,11.7,27.6,17.4,39.5,334,207,53
2012-09-18,1768.4,gc_futuro,478609,224988,33873,27931,148802,398435,76888,18370,155972,11670,7932,39854,97568,64594,44354,236273,69016,22203,19999,12.4,30.0,18.1,41.2,346,216,57
2012-09-25,1763.8,gc_futuro,489516,233994,30098,32641,144506,406861,78375,19916,167404,9176,13260,45297,95080,55152,44057,256629,66590,20922,19381,12.2,33.3,18.2,44.2,342,217,47
2012-10-02,1772.7,gc_futuro,480908,239434,31108,26727,136250,405520,78497,17553,171822,8832,13202,45440,98454,48781,42029,258285,67612,22276,13525,12.7,35.0,18.9,47.5,352,224,55
2012-10-09,1763.0,gc_futuro,484359,247401,35452,32187,131714,398702,73057,18018,177644,10171,16633,45750,96084,44056,41908,258562,69757,25281,15554,12.8,35.0,19.5,47.4,354,223,59
2012-10-16,1744.7,gc_futuro,462826,232988,38968,28096,129500,376883,72242,18879,169829,11245,13951,45506,93467,44551,39443,238865,63159,27723,14145,13.4,33.6,19.9,46.8,354,215,64
2012-10-23,1708.3,gc_futuro,455836,222095,40052,31001,132859,365524,69881,19259,159412,12776,14982,46353,87924,45578,40928,232022,62683,27276,16019,14.7,33.0,21.3,46.0,341,203,65
2012-10-30,1710.9,gc_futuro,454742,207532,37310,29351,144346,367110,73513,20971,149389,13961,15285,50003,87771,52611,41732,226728,58143,23349,14066,14.6,32.2,21.2,44.1,332,205,59
2012-11-06,1714.1,gc_futuro,447154,196504,36331,36245,144788,352530,69617,22048,128668,13499,20988,52213,92406,48415,44160,211709,67836,22832,15257,14.0,29.3,21.7,41.4,346,209,60
2012-11-13,1724.2,gc_futuro,459761,207847,36253,33324,144488,369283,74102,20901,137972,13042,18549,48431,90355,51182,44875,227746,69875,23211,14775,12.7,31.6,20.0,43.8,343,209,63
2012-11-20,1723.2,gc_futuro,474129,217433,36618,38921,145098,381162,72677,17428,147339,11400,19782,48306,95561,52568,44224,233033,70094,25218,19139,12.1,31.5,19.4,43.3,355,213,66
2012-11-27,1742.2,gc_futuro,479373,228431,28024,30050,141117,399829,79775,21470,159947,7640,15015,42719,104092,51004,47394,244733,68484,20384,15035,12.3,32.6,19.5,45.0,339,210,51
2012-12-04,1694.4,gc_futuro,434416,202177,36441,22774,135887,353483,73578,21718,134304,15559,11410,41757,84422,45874,48256,223187,67873,20882,11364,13.1,33.3,20.9,44.5,342,199,63
2012-12-11,1708.2,gc_futuro,433586,201955,38256,24220,135772,350652,71639,20458,134234,14579,12335,39045,91347,46557,50170,212748,67721,23677,11885,13.0,31.0,20.6,43.3,335,195,61
2012-12-18,1669.5,gc_futuro,435742,202641,44860,26462,137780,339914,68859,24506,130786,22755,11318,40727,93089,46840,50213,199985,71855,22105,15144,13.6,28.7,21.0,40.9,341,190,70
2012-12-24,1658.6,gc_futuro,426300,200436,50340,24184,139479,327143,62201,24633,128403,29509,9953,37952,88595,49642,51885,188906,72033,20831,14231,14.4,27.6,21.2,39.5,331,183,70
2012-12-31,1674.8,gc_futuro,427991,198660,50141,21653,143210,331869,64468,24328,124967,27848,7514,40449,93606,51770,50991,186493,73693,22293,14139,14.8,27.6,22.0,39.3,323,179,65
2013-01-08,1661.5,gc_futuro,441304,193869,51061,34559,152103,330575,60773,25109,117603,30254,15483,53802,96756,46495,51806,187324,76266,20807,19076,14.4,26.4,21.6,39.4,336,188,73
2013-01-15,1683.4,gc_futuro,447773,192955,47839,34546,156010,341123,64262,24265,118437,27333,14631,50280,100052,53001,52729,188070,74518,20506,19915,14.8,26.0,22.1,39.7,332,182,70
2013-01-22,1692.8,gc_futuro,461369,195795,43898,46176,153048,348998,66350,22297,121758,23861,21140,47206,102364,50680,55162,195954,74037,20037,25036,14.5,25.5,21.4,39.0,338,193,63
2013-01-29,1660.7,gc_futuro,430718,181103,54155,26035,159776,326873,63804,23655,111076,34575,9685,55064,90878,42369,62343,193626,70027,19580,16350,16.8,25.2,24.6,38.4,329,182,74
2013-02-05,1672.4,gc_futuro,423982,192806,55341,24811,145291,319898,61074,23932,113058,34510,10401,51722,91464,43738,49831,184696,79748,20831,14410,16.6,24.8,24.4,38.6,333,184,74
2013-02-12,1648.7,gc_futuro,435088,193941,67106,24521,154573,315226,62053,28235,113939,47357,9721,55538,91349,44869,54166,179008,80002,19749,14800,16.3,22.8,24.3,35.8,336,184,76
2013-02-19,1603.6,gc_futuro,447290,195870,92219,30882,158900,290982,61638,33207,109507,66697,13847,56500,84147,46321,56079,160514,86363,25522,17035,16.0,20.0,22.9,32.3,364,187,100
2013-02-26,1615.2,gc_futuro,433858,201956,85357,25267,151145,288765,55490,34469,112888,62035,10835,53742,82223,46575,50828,159967,89068,23322,14432,16.2,20.5,23.1,32.8,340,176,86
2013-03-05,1574.6,gc_futuro,434586,195248,87661,31003,150453,284251,57882,31671,108352,67182,13695,51325,85361,44930,54198,153960,86896,20479,17308,16.4,21.3,22.8,33.3,352,178,93
2013-03-12,1591.5,gc_futuro,445651,201617,87110,35982,149550,291671,58502,30888,112966,68642,15527,50051,96930,44038,55461,150703,88651,18468,20455,16.3,21.3,22.6,33.2,355,185,89
2013-03-19,1611.3,gc_futuro,440712,208895,73285,37122,136677,299041,58018,31264,121388,56609,16110,36981,99920,46223,53473,152898,87507,16676,21012,16.0,20.6,21.4,31.7,348,187,82
2013-03-26,1595.8,gc_futuro,419727,200389,67943,24431,139588,298061,55319,29292,110766,54831,11326,36400,99887,44646,58542,153528,89623,13112,13105,15.8,22.9,21.6,34.3,327,174,76
2013-04-02,1575.1,gc_futuro,417176,202634,82428,25084,137205,279727,52253,29937,110504,66308,11715,42206,102255,41451,53548,136021,92130,16120,13369,16.3,23.3,23.3,35.4,358,188,86
2013-04-09,1586.2,gc_futuro,416513,203812,84453,23873,135855,279657,52973,28530,113423,63436,12518,43492,110732,39018,53345,129907,90389,21017,11355,17.2,24.0,24.9,36.2,354,183,87
2013-04-16,1386.8,gc_futuro,413083,204677,75795,18067,144522,286451,45817,32770,122687,54025,6693,39834,108393,43600,61088,134458,81990,21770,11374,17.0,23.3,24.5,34.7,336,170,86
2013-04-23,1408.6,gc_futuro,415074,197188,92933,21887,156131,260519,39868,39735,119662,66743,7281,43342,97668,44344,68445,118507,77526,26190,14606,19.3,20.8,26.5,32.7,347,156,108
2013-04-30,1472.2,gc_futuro,421087,193310,96258,20115,170211,265774,37451,38940,116815,65224,7398,43088,95699,49883,77240,120192,76495,31034,12717,18.2,20.4,25.6,31.7,313,137,96
2013-05-07,1449.0,gc_futuro,437931,189343,99920,23851,186671,274390,38066,39770,115705,67172,9484,49861,100117,52988,83822,121285,73638,32748,14367,19.2,20.2,26.3,30.8,309,127,103
2013-05-14,1424.7,gc_futuro,443806,186921,103195,25713,190502,274648,40670,40250,112533,73149,9385,43781,100861,49457,97264,124330,74388,30046,16328,19.6,18.7,26.5,28.6,319,131,102
2013-05-21,1377.8,gc_futuro,446087,189401,109142,22414,192147,276269,42125,38262,113088,76730,9785,43209,92997,53624,95314,129648,76313,32412,12629,19.9,18.3,26.9,28.0,327,129,111
2013-05-28,1379.1,gc_futuro,411001,172565,115686,21758,171995,231216,44683,42341,114281,67244,8164,45571,67221,50435,75989,113560,58284,48442,13594,23.9,21.4,30.8,32.7,306,122,105
2013-06-04,1397.1,gc_futuro,373061,170971,109771,18663,147497,209149,35930,35478,112259,58671,6840,43384,71906,36780,67333,100463,58712,51100,11823,29.3,25.8,36.3,39.5,291,118,90
2013-06-11,1377.0,gc_futuro,373844,174015,115010,17566,146470,204792,35793,36476,116492,61174,7154,43835,72278,35826,66809,96688,57523,53836,10412,30.1,26.6,36.9,39.1,293,119,94
2013-06-18,1366.6,gc_futuro,377106,166771,123079,17807,155303,199418,37225,36802,110415,71162,7175,46412,70187,39137,69754,90094,56356,51917,10632,30.3,27.1,37.0,39.3,290,116,94
2013-06-25,1274.8,gc_futuro,390647,164901,130749,21858,164958,200166,38930,37874,107441,77152,9787,44960,60902,42007,77991,97257,57460,53597,12071,29.5,26.2,36.0,37.9,301,112,107
2013-07-02,1243.6,gc_futuro,410399,158712,137961,27133,186385,209161,38169,36144,103011,81627,12696,56018,63604,42777,87590,102780,55701,56334,14437,29.5,25.6,36.6,36.8,292,115,95
2013-07-09,1245.9,gc_futuro,431574,160214,143657,31041,202617,221658,37702,35218,105942,82060,12223,60807,64720,44261,97549,112677,54272,61597,18818,30.4,24.7,37.4,35.6,292,110,102
2013-07-16,1290.8,gc_futuro,440283,156571,133109,23071,222746,247353,37895,36750,106737,64896,6402,56214,66927,53805,112727,126621,49834,68213,16669,29.8,25.7,36.8,35.5,294,117,96
2013-07-23,1335.1,gc_futuro,434750,161197,127006,25291,210233,244929,38029,37524,111993,56639,7885,49117,69521,50057,111059,125351,49204,70367,17406,32.4,26.1,39.2,36.0,297,116,102
2013-07-30,1324.0,gc_futuro,397035,154519,126153,19841,188832,214606,33843,36435,108850,56821,6156,45472,66832,40961,102399,106813,45669,69332,13685,35.4,27.0,42.1,38.2,274,105,91
2013-08-06,1283.2,gc_futuro,396062,153812,102177,18480,187636,241795,36134,33610,105340,70596,5257,48021,97724,39169,100446,104902,48472,31581,13223,35.5,27.0,42.3,39.7,283,107,98
2013-08-13,1321.2,gc_futuro,390547,148524,94598,19182,184321,245195,38520,31572,100561,62573,6240,48387,101967,38439,97495,104789,47963,32025,12942,33.9,27.1,40.4,39.7,278,105,92
2013-08-20,1373.1,gc_futuro,385410,151348,90952,20004,176610,244275,37448,30179,104483,56067,5642,51336,106661,38851,86423,98763,46865,34885,14362,31.6,26.1,38.5,37.9,285,116,81
2013-08-27,1420.6,gc_futuro,384102,150074,71785,18030,175698,263336,40300,30951,105531,35142,6320,48785,115893,45332,81581,102111,44543,36643,11710,30.4,27.2,37.6,38.7,285,118,77
2013-09-03,1412.0,gc_futuro,388584,151951,73760,15676,177861,270322,43096,28826,107642,32242,4984,52306,120128,43993,81562,106201,44309,41518,10692,29.2,27.3,36.6,38.3,278,115,79
2013-09-10,1364.1,gc_futuro,384164,141506,72782,19183,184972,265196,38503,27003,100358,35578,6086,54162,117518,45920,84890,101758,41148,37204,13097,30.1,27.7,37.6,38.1,287,112,82
2013-09-17,1309.5,gc_futuro,384592,138956,80160,18329,188729,254066,38578,32037,96370,41590,6465,58014,112447,45193,85522,96426,42586,38570,11864,30.5,26.7,38.2,37.1,279,106,87
2013-09-24,1316.0,gc_futuro,378216,140468,73329,18461,183688,255215,35599,31211,99035,35023,5649,55458,114094,44314,83916,96807,41433,38306,12812,31.5,28.3,38.3,37.0,282,106,89
2013-10-01,1286.0,gc_futuro,374151,141541,68494,16891,179659,257787,36060,30979,97777,36394,5412,48638,117588,38977,92044,101222,43764,32100,11479,33.7,30.3,40.0,39.7,285,111,87
2013-10-08,1324.2,gc_futuro,370406,140207,57890,17192,176330,266746,36677,28578,97919,26363,6061,47956,121511,39537,88837,105698,42288,31527,11131,34.4,31.2,41.1,41.2,265,102,78
2013-10-15,1273.0,gc_futuro,381727,139663,77730,17157,188890,253714,36017,33126,97326,44536,5876,58571,111950,38704,91615,103060,42337,33194,11281,36.1,30.2,43.3,40.1,276,99,90
2013-10-22,1342.5,gc_futuro,390369,147835,71170,22618,183393,265541,36523,31040,105074,38476,9713,53299,114813,40733,89361,109995,42761,32694,12905,32.9,29.9,39.7,40.5,282,110,82
2013-10-29,1345.2,gc_futuro,387166,153409,53173,21935,174866,281653,36956,30405,109627,21224,8938,47817,128344,36645,90404,116664,43782,31949,12997,33.0,31.6,39.8,42.4,282,115,79
2013-11-05,1308.0,gc_futuro,386796,149031,57895,23652,178714,272614,35399,32635,105007,26923,8901,54848,119912,36237,87629,116465,44024,30972,14751,34.1,30.8,41.1,41.2,285,109,86
2013-11-12,1271.1,gc_futuro,403840,144062,82710,29266,190317,256102,40195,35762,100760,54653,10412,63134,108804,38267,88916,109031,43302,28057,18854,31.2,27.1,38.8,38.3,289,102,94
2013-11-19,1273.4,gc_futuro,397590,140853,92733,28833,190106,241621,37798,34403,97331,62800,9110,66739,105842,38187,85180,97592,43522,29933,19723,31.6,25.2,39.8,36.6,296,107,95
2013-11-26,1241.4,gc_futuro,394432,133414,106859,27046,196011,224247,37961,36280,93619,77658,9887,63173,97319,40726,92112,86202,39795,29201,17159,32.5,24.8,40.5,35.4,267,88,95
2013-12-03,1221.7,gc_futuro,386436,134546,111855,24091,190092,212391,37707,38099,93671,83730,8491,60771,95365,39468,89853,77558,40875,28125,15600,32.9,24.1,40.7,34.4,265,94,85
2013-12-10,1262.4,gc_futuro,377313,133866,107486,22627,183319,212281,37501,34919,94330,78527,6701,60775,100001,36874,85670,75406,39536,28959,15926,32.6,23.8,40.3,34.1,280,98,91
2013-12-17,1231.2,gc_futuro,385432,133068,107164,24163,191045,218144,37156,35961,93399,79637,7293,64050,102250,36235,90760,79659,39669,27527,16870,32.6,23.7,40.5,34.8,266,93,86
2013-12-24,1205.1,gc_futuro,384974,135390,108051,24226,188511,215029,36847,37668,93958,82765,7503,60796,99269,39745,87970,76015,41432,25286,16723,31.5,23.6,39.1,35.3,273,95,87
2013-12-31,1201.9,gc_futuro,379550,137182,104959,22650,182101,215122,37617,36819,96059,78334,7222,56130,94708,40263,85708,80151,41123,26625,15428,31.3,24.4,38.8,36.6,265,89,90
2014-01-07,1229.4,gc_futuro,383021,139244,100357,26197,179334,221218,38246,35249,98659,74421,9632,55103,100097,38712,85519,82409,40585,25936,16565,31.2,25.7,39.0,37.7,265,91,91
2014-01-14,1245.2,gc_futuro,415426,145857,101844,32702,199650,244905,37217,35975,104303,76033,8399,52669,104051,45557,101424,95297,41554,25811,24303,29.4,23.9,36.6,34.1,274,94,93
2014-01-21,1242.3,gc_futuro,410959,146018,99435,28205,200101,246192,36635,37127,104723,74506,8832,53047,104715,41521,105533,99956,41295,24929,19373,30.1,24.0,37.1,33.2,274,95,93
2014-01-28,1251.0,gc_futuro,382739,150158,83817,22502,176630,241609,33449,34811,109782,62544,8673,51561,104134,41382,83687,96093,40376,21273,13829,32.7,25.5,39.9,37.5,257,104,74
2014-02-04,1251.7,gc_futuro,368279,147754,82815,23424,165354,231136,31747,30904,107407,63755,9980,49463,106815,31634,84257,92687,40347,19060,13444,35.5,27.4,42.8,39.8,258,102,76
2014-02-11,1290.1,gc_futuro,376973,156786,85585,22664,162156,234810,35367,33914,116817,64731,9069,52698,116397,28985,80473,89428,39969,20854,13595,35.3,27.8,42.7,39.2,261,105,79
2014-02-18,1324.7,gc_futuro,390535,164478,79847,27630,159449,251200,38978,31858,123273,54503,11187,55230,120508,31791,72428,98901,41205,25344,16443,31.3,27.6,38.8,38.7,273,112,79
2014-02-25,1343.0,gc_futuro,387503,169870,60406,21879,155969,272632,39785,32586,127279,31023,10247,48341,128194,39488,68140,104950,42591,29383,11632,31.5,27.9,38.6,37.8,278,114,79
2014-03-04,1337.8,gc_futuro,393266,171404,56238,26853,157838,278987,37171,31188,128351,27184,14845,49261,127038,41870,66707,110079,43053,29054,12008,29.7,27.2,37.2,37.0,278,123,73
2014-03-11,1346.5,gc_futuro,415340,170482,51592,40601,163920,289287,40337,33860,127797,21766,16824,48423,128041,54496,61001,106750,42685,29826,23777,26.6,25.2,33.7,34.4,281,119,75
2014-03-18,1359.0,gc_futuro,420626,183324,46510,32699,164293,310227,40310,31190,137216,16153,9696,44752,130374,58191,61350,121662,46108,30357,23003,24.4,25.7,31.4,35.0,288,137,67
2014-03-25,1311.4,gc_futuro,398264,169083,51766,30361,159979,287600,38841,28537,125231,18218,12469,44944,144546,56113,58922,86941,43852,33548,17892,25.9,27.3,32.9,36.1,280,124,75
2014-04-01,1279.6,gc_futuro,363451,158152,58007,21496,143575,257604,40228,26344,117969,26516,8991,48309,137605,40660,54606,79339,40183,31491,12505,29.3,30.3,36.7,39.5,257,109,74
2014-04-08,1308.7,gc_futuro,365400,149693,61094,24181,151954,253697,39572,26428,109728,28201,10168,52999,130873,43995,54960,78829,39965,32893,14013,27.1,27.8,35.0,36.8,263,110,79
2014-04-15,1300.0,gc_futuro,369577,147432,68140,25898,157917,245522,38330,30017,105454,32464,10440,56204,129224,43265,58448,73033,41978,35676,15458,27.3,27.0,35.8,35.5,267,102,87
2014-04-22,1280.6,gc_futuro,372593,146880,65047,24052,162799,253325,38862,30169,105681,28575,9830,59228,134264,44124,59447,74937,41199,36472,14222,27.1,27.7,35.4,35.9,263,102,82
2014-04-29,1296.0,gc_futuro,378092,147769,62542,28235,162815,259986,39273,27329,106919,29512,8886,59711,140198,41856,61248,77932,40850,33030,19349,26.8,28.4,35.2,37.0,258,93,82
2014-05-06,1308.3,gc_futuro,404700,160982,63026,35948,167794,278265,39976,27461,119385,28746,13943,55586,147322,47771,64437,83172,41597,34280,22005,25.9,27.5,33.9,36.2,267,110,77
2014-05-13,1294.6,gc_futuro,397029,157176,65542,33867,164941,267262,41045,30358,114561,32107,9041,60842,137248,40141,63958,89873,42615,33435,24826,25.2,26.0,33.4,34.9,272,102,88
2014-05-20,1294.5,gc_futuro,399371,157398,60907,38192,164289,270299,39492,29973,112385,31232,14090,55661,135597,47814,60814,86888,45013,29675,24102,23.3,25.5,31.4,34.6,263,109,70
2014-05-27,1265.4,gc_futuro,397695,155615,82224,35612,162078,240716,44390,39143,111146,53577,13313,65353,129094,46706,50019,64916,44469,28647,22299,24.6,25.3,32.2,34.3,263,107,81
2014-06-03,1244.3,gc_futuro,382141,157332,98181,28406,159545,222989,36858,32565,111245,73063,9523,67407,116486,43283,48855,63220,46087,25118,18883,26.8,25.9,35.2,36.2,268,118,78
2014-06-10,1259.8,gc_futuro,378689,159567,98440,26148,156553,219703,36421,34398,111795,73741,8847,67848,117134,43234,45471,59335,47772,24699,17301,26.8,26.4,35.1,36.8,260,111,80
2014-06-17,1271.7,gc_futuro,379843,162052,83757,26131,157023,235348,34637,34607,113624,60065,9725,66800,127539,44383,45840,63426,48428,23692,16406,25.8,26.9,34.0,37.6,266,119,77
2014-06-24,1320.9,gc_futuro,392388,183433,62574,24959,142864,274471,41132,30384,134571,34641,7382,57677,151141,41732,43455,81598,48862,27933,17577,23.9,27.3,31.3,38.3,276,128,72
2014-07-01,1326.4,gc_futuro,401813,201287,55262,21991,135444,295899,43091,28661,149227,23273,5845,51592,159726,44941,38911,91232,52060,31989,16146,22.4,26.6,29.8,38.6,279,133,69
2014-07-08,1316.0,gc_futuro,410992,203464,53443,27240,135998,302001,44290,28308,154719,20943,7938,57659,165927,43249,35090,92825,48745,32500,19302,21.7,27.0,29.3,39.6,277,132,67
2014-07-15,1296.9,gc_futuro,408368,199950,57492,28562,138542,295448,41314,26866,149260,27173,7506,59019,160798,43266,36257,91384,50690,30319,21056,21.1,27.4,28.9,40.1,276,131,73
2014-07-22,1306.1,gc_futuro,405617,197835,51689,31486,134809,295000,41487,27442,148121,22395,9172,61849,164723,37336,35624,92941,49714,29294,22314,21.9,26.9,29.4,41.2,267,124,72
2014-07-29,1298.3,gc_futuro,374467,188980,49827,21619,126297,275229,37571,27792,135724,27094,5252,58093,151446,33333,34871,90450,53256,22733,16367,23.0,29.2,30.9,43.6,260,125,67
2014-08-05,1284.0,gc_futuro,360342,176386,54923,22884,123492,255134,37580,27401,123819,33140,8273,58268,142376,33256,31968,79502,52567,21783,14611,23.2,27.6,31.1,41.1,264,126,67
2014-08-12,1308.8,gc_futuro,368114,191325,43644,21718,113862,274549,41209,28203,138357,21930,6514,53137,158448,30512,30213,85589,52968,21714,15204,21.2,28.9,29.5,42.5,264,141,54
2014-08-19,1295.1,gc_futuro,366401,183846,45870,20400,122377,270039,39778,30092,128398,25193,6199,58213,151772,33367,30797,84900,55448,20677,14201,22.0,28.2,30.4,42.1,267,133,63
2014-08-26,1283.8,gc_futuro,363608,172022,58853,23465,127433,250981,40688,30309,118012,36830,8363,62318,143707,33636,31479,73638,54010,22023,15102,23.0,27.1,31.3,39.2,263,124,70
2014-09-02,1263.7,gc_futuro,371515,172522,75643,24631,134701,238408,39661,32833,116120,53202,8648,69658,134954,32250,32793,71204,56402,22441,15983,23.4,25.0,31.8,36.0,263,124,73
2014-09-09,1246.8,gc_futuro,384341,177555,82414,26286,141921,239876,38579,35765,118708,58501,10634,70734,129940,33922,37265,76014,58847,23913,15652,23.2,23.5,31.0,34.1,281,126,83
2014-09-16,1235.2,gc_futuro,386080,170749,98562,29320,145480,221723,40531,36475,113659,73364,10891,72485,115745,35837,37158,70141,57090,25198,18429,23.2,22.3,31.7,32.4,274,119,87
2014-09-23,1221.0,gc_futuro,385788,170382,106498,30538,148615,212934,36253,35818,110427,80297,10134,75993,109473,33838,38784,69623,59955,26201,20404,23.1,22.4,31.7,33.2,295,115,105
2014-09-30,1210.5,gc_futuro,379874,171075,106205,27803,145396,206125,35600,39741,111264,80341,11829,72866,101792,35430,37100,68903,59811,25864,15974,22.9,23.0,31.1,34.0,276,115,89
2014-10-07,1211.7,gc_futuro,380087,174075,107628,27007,143466,206873,35539,38579,110064,80201,12299,62844,95333,41348,39274,70192,64011,27427,14708,22.4,23.0,30.8,33.8,292,122,101
2014-10-14,1233.6,gc_futuro,397855,193580,108165,30035,140637,219460,33603,40195,123582,81386,14210,55993,102357,42533,42111,74570,69998,26779,15825,20.7,22.9,28.3,32.9,300,133,94
2014-10-21,1251.0,gc_futuro,411057,207129,99145,30768,139429,244327,33731,36817,132835,70347,14624,55548,115531,44296,39585,84500,74294,28798,16144,19.6,24.0,26.7,33.7,315,141,99
2014-10-28,1229.2,gc_futuro,414410,195885,95146,39781,146345,245209,32399,34274,128420,68353,18240,64780,113829,43292,38273,88088,67465,26793,21541,20.0,24.5,27.0,33.6,305,130,93
2014-11-04,1167.4,gc_futuro,417377,176899,113674,44595,161667,216974,34216,42134,113324,74519,20230,76965,94482,45384,39318,77108,63575,39155,24365,22.0,23.2,29.8,30.7,325,123,123
2014-11-11,1162.8,gc_futuro,443422,177268,121225,46591,184326,234350,35237,41256,110478,79863,18609,81186,93347,54011,49129,86992,66790,41362,27982,20.9,21.7,28.6,29.2,324,120,116
2014-11-18,1196.7,gc_futuro,459657,187955,106533,44726,193668,264665,33308,43733,119566,71166,14405,77541,108286,59719,56408,96660,68389,35367,30321,19.4,21.9,26.9,29.9,320,133,102
2014-11-25,1197.1,gc_futuro,388145,167394,91187,31561,156334,224819,32856,40578,113999,59549,13161,75262,106985,44466,36606,73368,53395,31638,18400,21.9,24.9,31.0,34.7,280,110,90
2014-12-02,1199.2,gc_futuro,368121,170635,81305,27571,135777,225185,34138,34060,117804,49170,9697,68077,112156,37102,30598,75927,52831,32135,17874,22.5,24.6,30.3,33.4,283,113,90
2014-12-09,1231.5,gc_futuro,375323,186861,71999,25322,125091,241692,38049,36310,130648,39985,7927,54078,115704,37751,33262,88237,56213,32014,17395,21.5,21.9,28.9,32.4,292,117,94
2014-12-16,1193.9,gc_futuro,371743,182147,63739,23796,132868,247959,32932,36249,127571,35746,6412,58092,113829,40446,34330,93684,54576,27993,17384,21.9,22.4,29.3,32.5,282,113,85
2014-12-23,1177.9,gc_futuro,375212,180980,70070,28208,134796,240021,31228,36913,123087,40890,9612,63961,118563,38899,31936,82559,57893,29180,18596,23.6,22.9,31.3,33.7,288,113,89
2014-12-30,1200.2,gc_futuro,373982,182897,67060,30659,125818,238952,34608,37311,124928,37878,12307,59587,118521,37541,28690,82890,57969,29182,18352,23.2,21.9,30.9,33.5,278,117,79
2015-01-06,1219.3,gc_futuro,394021,187705,65527,40899,130427,253099,34990,34496,128325,34129,19111,58869,122190,38889,32669,92020,59380,31398,21788,22.1,20.8,29.1,32.5,291,126,82
2015-01-13,1234.3,gc_futuro,402108,192959,62733,40729,129436,267112,38984,31534,132173,30232,16829,57011,129980,37818,34607,99314,60786,32501,23900,21.0,21.5,27.8,33.3,291,130,76
2015-01-20,1294.2,gc_futuro,430128,223257,60802,42480,120946,298756,43445,28090,155602,26261,18108,56831,148999,34809,29306,114948,67655,34541,24372,19.3,23.9,26.7,36.1,331,161,83
2015-01-27,1291.7,gc_futuro,438279,238407,49482,38815,117326,323486,43731,26496,173110,19873,17913,49720,159364,42996,24610,121126,65297,29609,20902,18.0,26.5,25.2,40.1,320,170,68
2015-02-03,1259.7,gc_futuro,419524,229006,43991,28674,117174,320447,44670,26412,167310,18984,15502,52559,165246,37578,27037,117623,61696,25007,13172,19.7,30.4,26.4,44.0,308,166,61
2015-02-10,1231.6,gc_futuro,393232,199036,43762,31396,120702,291293,42098,26781,140835,21298,16430,58748,150833,38947,23007,101513,58201,22464,14966,20.1,31.1,26.8,44.3,294,150,70
2015-02-17,1208.1,gc_futuro,389530,188121,56387,34865,125433,269068,41111,29210,128595,32903,18148,63983,133473,39084,22366,96511,59526,23484,16717,19.9,30.0,26.6,41.3,311,149,80
2015-02-24,1196.9,gc_futuro,399307,184416,58245,41717,133432,269126,39742,30219,124595,35108,23854,67813,132099,41269,24350,95758,59821,23137,17863,19.7,28.7,26.5,39.2,305,142,81
2015-03-03,1204.0,gc_futuro,405124,180561,64741,44158,140080,263467,40325,32758,115279,42320,24082,71498,128564,44916,23666,89987,65282,22421,20076,20.2,27.5,26.8,37.8,293,148,69
2015-03-10,1160.1,gc_futuro,410918,171821,89929,43257,154578,243920,41262,33812,107032,58359,21716,78066,115461,50344,26168,78115,64789,31570,21541,21.0,25.1,27.6,34.8,307,141,91
2015-03-17,1148.3,gc_futuro,429738,162268,109175,46560,180464,236954,40446,37049,97847,78623,23113,76537,89719,73172,30755,74063,64421,30552,23447,18.7,24.2,25.0,30.7,307,131,96
2015-03-24,1191.7,gc_futuro,433767,168234,113953,52190,178058,230983,35285,36641,98784,87349,28132,81595,89221,68940,27523,72822,69450,26604,24058,19.5,23.9,26.5,30.8,315,138,103
2015-03-31,1183.1,gc_futuro,387585,172818,92799,37572,144197,225312,32998,31902,103808,67752,21069,70154,100941,48677,25366,75694,69010,25047,16503,19.9,26.0,28.0,35.6,297,135,87
2015-04-07,1210.6,gc_futuro,390571,183130,82373,39159,133199,241488,35083,27551,112747,57072,22741,62352,109723,46123,24724,85642,70383,25301,16418,18.8,26.6,26.7,37.2,302,148,81
2015-04-14,1192.8,gc_futuro,395089,184741,86344,44957,130960,234553,34431,29235,110439,62390,25981,59580,102869,47738,23642,83946,74302,23954,18976,18.5,26.2,25.9,36.1,307,143,87
2015-04-21,1202.9,gc_futuro,397379,184567,83322,50963,126107,231113,35742,31981,108259,60134,28472,58445,109900,46139,21523,75074,76308,23188,22491,18.8,25.3,26.1,35.6,297,135,87
2015-04-28,1214.0,gc_futuro,403575,189929,88672,52390,125733,232605,35523,29908,114952,64369,28997,57350,110507,50146,18237,71952,74977,24303,23393,18.7,24.5,26.0,35.2,303,144,90
2015-05-05,1193.2,gc_futuro,399988,173105,100665,56074,138096,212258,32713,30991,98957,76100,30888,66517,100514,51329,20250,60415,74148,24565,25186,19.6,23.1,26.8,32.5,299,132,91
2015-05-12,1192.6,gc_futuro,405612,179257,101817,49451,144829,222331,32075,32013,104207,76488,24029,65253,99432,58885,20691,64014,75050,25329,25422,20.1,23.0,27.0,32.7,312,137,97
2015-05-19,1206.9,gc_futuro,428597,202190,79569,46685,140751,273085,38971,29258,132306,53689,20239,61564,116989,61236,17951,94860,69884,25880,26446,21.1,25.9,28.3,38.2,305,142,89
2015-05-26,1187.2,gc_futuro,411961,191951,87257,38409,144540,254260,37061,32035,125069,58825,14976,66036,101323,61075,17429,91862,66882,28432,23433,22.5,25.1,29.9,36.8,297,125,97
2015-06-02,1194.1,gc_futuro,398724,194299,89889,32798,138423,246573,33204,29464,125229,63482,12792,67739,102263,53750,16934,90560,69070,26407,20006,22.9,25.8,31.2,38.5,299,128,96
2015-06-09,1177.3,gc_futuro,406069,186813,111723,33742,150277,228866,35237,31738,121125,83486,14009,77467,94753,54322,18488,79791,65688,28237,19733,24.5,24.8,32.8,36.2,309,129,102
2015-06-16,1180.5,gc_futuro,415718,191053,115330,37042,153712,230349,33911,32997,124527,89529,14000,76500,93746,60758,16454,75845,66526,25801,23042,24.0,24.1,31.7,35.1,302,134,92
2015-06-23,1176.2,gc_futuro,430978,202944,107830,41267,150444,251332,36323,30549,124843,84927,16608,71617,96970,62878,15949,91484,78101,22903,24659,23.1,26.3,31.2,37.0,315,141,95
2015-06-30,1171.5,gc_futuro,442301,194476,127321,46169,163797,238566,37859,30245,115188,99565,22529,77261,86957,69788,16748,81821,79288,27756,23640,22.8,25.7,30.2,35.3,304,132,96
2015-07-07,1152.4,gc_futuro,452145,193776,143328,48006,172552,225141,37811,35670,111482,109383,26932,82437,81615,71437,18678,72089,82294,33945,21074,22.7,24.2,30.1,33.8,322,141,102
2015-07-14,1153.3,gc_futuro,462664,191014,143190,51510,183945,232414,36195,35550,108413,109536,24541,81349,77775,80391,22205,74248,82601,33654,26969,22.4,24.0,29.9,34.5,328,137,102
2015-07-21,1103.4,gc_futuro,459760,187720,159441,46943,189676,211260,35421,42116,106297,119853,22140,80298,62079,82688,26690,66493,81423,39588,24803,22.3,21.8,28.9,31.1,347,135,137
2015-07-28,1096.3,gc_futuro,438282,182977,158512,44365,176720,191986,34220,43419,106284,120917,20554,83026,61828,71612,22082,58546,76693,37595,23811,23.6,23.6,30.9,33.7,322,127,121
2015-08-04,1090.7,gc_futuro,434273,184792,154892,46290,170826,185646,32365,47445,103573,114860,24399,87818,63235,62210,20798,60201,81219,40032,21891,23.9,25.1,31.3,35.1,330,126,127
2015-08-11,1107.6,gc_futuro,435489,187778,155336,46362,166020,190478,35329,43313,108507,113937,23795,86266,67040,61328,18426,62110,79271,41399,22567,23.9,25.2,31.2,34.2,337,127,134
2015-08-18,1117.1,gc_futuro,432728,185712,144053,48716,166062,196010,32238,43949,112075,104158,24718,86133,70002,62421,17508,63587,73637,39895,23998,23.7,25.4,30.8,34.2,338,126,136
2015-08-25,1138.2,gc_futuro,432154,189893,119160,53016,156659,219295,32586,40683,119456,78842,27081,82325,79068,59867,14467,80360,70437,40318,25935,22.1,27.8,28.7,35.5,331,130,125
2015-09-01,1138.7,gc_futuro,410274,182753,110068,47590,146865,215953,33066,36663,112641,72044,21287,74975,76778,58946,12944,80229,70112,38024,26303,22.2,29.8,29.3,37.1,301,119,111
2015-09-08,1120.4,gc_futuro,421732,183615,124322,48883,155620,211599,33614,36928,112684,85859,21149,74098,72978,61009,20513,77612,70931,38463,27734,21.7,27.5,28.9,35.3,315,119,121
2015-09-15,1102.8,gc_futuro,413333,174225,134678,51513,154988,187967,32607,39175,104300,95493,24689,78146,67823,59538,17304,60606,69925,39185,26824,22.5,25.0,29.9,32.0,307,118,119
2015-09-22,1125.0,gc_futuro,419304,182080,120955,56151,149092,206320,31981,35878,107531,86702,26492,69713,71423,59702,19677,75195,74549,34253,29659,22.1,26.0,29.3,33.2,318,130,113
2015-09-29,1127.1,gc_futuro,415700,182792,106147,50513,149535,222678,32860,36362,112633,72069,26819,61785,72838,62235,25515,87605,70159,34078,23694,21.5,26.7,28.9,33.9,315,133,104
2015-10-06,1146.8,gc_futuro,430228,191000,104181,57295,148424,236893,33509,31859,115414,69576,31554,63322,85369,59361,25741,92163,75586,34605,25741,20.1,26.3,27.3,34.0,331,142,109
2015-10-13,1165.8,gc_futuro,435928,203299,86140,53042,144242,262736,35345,34010,128350,51137,27249,63188,102167,56974,24080,103595,74949,35003,25793,20.0,26.8,27.3,35.8,331,147,101
2015-10-20,1178.0,gc_futuro,467792,233227,81926,57126,134966,298266,42473,30474,156199,39855,31328,56278,118110,54620,24068,125536,77028,42071,25798,17.6,26.7,25.9,38.4,348,164,101
2015-10-27,1166.8,gc_futuro,466780,225985,68551,62506,138770,304618,39519,31105,147660,33568,34079,56525,119427,58224,24021,126967,78325,34983,28427,18.0,25.7,26.2,37.3,334,161,89
2015-11-03,1114.2,gc_futuro,443900,194784,78442,63397,146369,271357,39350,30704,116702,49495,33976,64033,99795,56242,26094,115320,78082,28947,29421,19.2,25.3,27.4,36.0,324,143,96
2015-11-10,1088.2,gc_futuro,436426,174561,106172,65660,155946,227840,40259,36754,91880,75011,35073,69343,76357,60705,25898,90778,82681,31161,30587,18.8,21.8,25.6,29.9,326,141,109
2015-11-17,1068.7,gc_futuro,435376,173395,138996,52408,170494,198967,39079,45005,90510,104433,26188,73481,51955,71934,25079,75078,82885,34563,26220,19.0,20.0,25.9,26.7,338,138,127
2015-11-24,1074.3,gc_futuro,397705,159440,143138,43199,155709,167692,39357,43676,91059,107723,23578,66384,36889,63700,25625,67103,68381,35415,19621,20.0,23.0,27.1,30.5,308,123,115
2015-12-01,1063.8,gc_futuro,390940,158792,149042,40887,155554,158465,35707,42546,89982,110548,21867,66447,37075,61569,27538,59821,68810,38494,19020,20.7,22.4,27.9,29.9,315,123,123
2015-12-08,1076.3,gc_futuro,394128,162764,143141,46025,149617,163614,35722,41348,92488,109910,24221,63378,40814,60288,25951,62512,70276,33231,21804,20.5,23.3,27.4,30.6,322,134,118
2015-12-15,1062.9,gc_futuro,390944,155934,142278,48714,151012,159278,35284,40674,83617,110836,25647,68154,35604,62262,20596,61412,72317,31442,23067,19.1,23.1,26.6,30.5,322,126,125
2015-12-22,1074.8,gc_futuro,405294,154276,127849,64301,151272,173523,35445,39621,79979,100041,29325,70804,39111,61015,19453,73397,74297,27808,34976,17.5,23.6,24.3,30.2,321,131,111
2015-12-29,1077.5,gc_futuro,401880,150229,131127,67961,147179,162514,36511,40278,76071,103272,30719,65832,37193,58303,23044,67018,74158,27855,37242,17.4,23.9,23.9,30.5,309,118,119
2016-01-05,1078.4,gc_futuro,413688,153532,126972,78561,147674,166949,33921,41206,79732,95659,38204,62783,37206,61943,22948,67800,73800,31313,40357,16.3,22.9,22.6,29.5,320,127,119
2016-01-12,1085.6,gc_futuro,397565,158655,113937,58837,142221,185806,37852,38985,82908,82816,35227,52700,44470,66212,23309,75124,75747,31121,23610,15.9,23.7,22.2,29.6,325,130,119
2016-01-19,1089.9,gc_futuro,408835,158320,114626,76043,140723,180866,33749,37300,84054,83615,40214,53388,44569,63129,24206,73168,74266,31011,35829,16.4,21.7,22.2,27.9,328,138,115
2016-01-26,1121.7,gc_futuro,385350,170471,111431,60993,115343,175176,38543,37750,95745,78942,39421,47192,54416,48306,19845,72454,74726,32489,21572,16.4,22.5,23.4,28.5,318,136,111
2016-02-02,1127.3,gc_futuro,379185,176968,104146,46169,116469,193824,39579,35046,100566,71530,34778,48605,69970,43469,24395,80385,76402,32616,11391,16.4,23.3,23.9,32.9,321,143,103
2016-02-09,1198.7,gc_futuro,410833,201754,103326,45747,121357,226280,41975,35480,121059,60423,32630,52921,90104,44448,23988,91728,80695,42903,13117,16.9,22.3,23.7,33.3,345,160,113
2016-02-16,1207.9,gc_futuro,428912,209101,91741,46240,127800,259784,45771,31147,126219,45206,33505,55745,101954,45970,26085,111860,82882,46535,12735,16.5,23.2,23.3,33.9,358,167,115
2016-02-23,1222.3,gc_futuro,445290,227381,82403,47607,120854,284003,49448,31277,141373,32276,33398,53429,112630,48096,19329,123277,86008,50127,14209,14.8,24.2,21.9,34.2,363,178,112
2016-03-01,1230.3,gc_futuro,450555,223186,70773,60650,115571,287002,51148,32130,133823,29453,41306,56255,115019,42396,16920,129587,89363,41320,19344,14.9,24.9,22.3,35.2,359,176,106
2016-03-08,1262.1,gc_futuro,499110,252895,78085,76202,116493,311865,53520,32958,160317,32890,53422,54685,124070,44069,17739,143726,92578,45195,22780,15.0,24.9,22.9,33.8,369,184,106
2016-03-15,1230.4,gc_futuro,493086,247659,78147,77007,118610,304141,49810,33791,159202,29425,50946,60147,121729,38977,19486,143435,88457,48722,26061,16.0,26.3,24.3,36.8,360,175,103
2016-03-22,1248.2,gc_futuro,510579,258646,79815,73290,127081,327075,51562,30399,174457,29558,48913,59953,129680,47270,19858,150125,84189,50257,24377,16.2,26.3,24.4,37.3,357,172,102
2016-03-29,1235.6,gc_futuro,480461,262082,72276,45729,123227,331191,49423,31265,184135,29930,24238,56815,138284,42222,24190,150685,77947,42346,21491,16.5,27.4,26.5,40.4,347,162,100
2016-04-05,1228.4,gc_futuro,474094,263781,73381,44650,118103,325348,47560,30715,186716,33958,29047,57395,134821,39504,21204,151023,77065,39423,15603,16.8,27.6,27.8,41.4,327,159,95
2016-04-12,1259.4,gc_futuro,504523,286341,72534,46969,122181,353968,49032,31052,202500,31866,29873,60602,149196,40450,21129,164322,83841,40668,17096,17.1,28.3,27.9,41.7,346,172,98
2016-04-19,1253.0,gc_futuro,503331,291143,74306,44240,117743,357864,50205,26921,208661,34554,26508,56336,150230,41338,20069,166296,82482,39752,17732,17.9,29.3,28.9,42.4,353,183,92
2016-04-26,1242.2,gc_futuro,497884,288173,67316,46236,116445,356553,47030,27779,206476,34426,25592,55117,148610,42576,18752,165367,81697,32890,20644,18.9,28.3,30.0,41.7,345,172,96
2016-05-03,1290.7,gc_futuro,565774,338476,66828,59431,116644,411545,51223,27970,248842,29947,37026,54485,179418,42900,19259,189227,89634,36881,22405,17.3,29.2,28.0,43.6,376,202,97
2016-05-10,1263.9,gc_futuro,579777,337251,72353,67605,123211,408207,51710,31612,246782,35591,43302,54725,181621,47689,20797,178897,90469,36762,24303,17.5,26.3,28.3,41.3,373,190,100
2016-05-17,1276.2,gc_futuro,595077,340748,74460,79137,122477,412720,52715,28760,247059,34618,53780,54437,195669,46409,21631,170642,93689,39842,25357,17.8,25.6,28.3,40.9,382,194,102
2016-05-24,1228.9,gc_futuro,542958,291266,84634,52773,146205,371418,52714,34133,205180,48719,30056,47330,175665,39318,59557,156435,86086,35915,22717,18.8,25.1,29.4,40.2,364,182,94
2016-05-31,1214.8,gc_futuro,494321,274589,77454,38761,133624,347662,47347,30444,192160,43549,21902,47595,166664,38802,47227,142196,82429,33905,16859,18.4,28.6,29.7,43.6,346,162,97
2016-06-07,1244.4,gc_futuro,496330,295688,67069,41132,112940,356632,46570,31497,212061,34695,24939,46410,168675,40394,26136,147563,83627,32374,16193,18.9,30.7,29.3,46.1,339,164,88
2016-06-14,1285.6,gc_futuro,545357,347557,67695,38925,113281,411358,45594,27379,257500,28260,22155,44717,192524,42169,26395,176665,90057,39435,16770,18.1,32.5,29.0,48.5,363,187,92
2016-06-21,1270.5,gc_futuro,571517,358825,66096,45399,119782,431919,47511,28103,274936,24528,26941,42538,205548,48957,28287,177414,83889,41568,18458,19.9,32.0,29.2,46.9,357,187,86
2016-06-28,1315.3,gc_futuro,613792,373128,71208,64364,127169,453490,49131,24730,285895,24845,43076,41808,218538,55306,30055,179646,87233,46363,21288,21.9,31.4,30.5,45.9,372,190,89
2016-07-05,1356.4,gc_futuro,652971,389590,73627,88857,123735,463942,50789,26545,300070,26994,61753,43240,234339,51225,29270,178378,89520,46633,27104,22.3,30.6,30.8,44.8,377,201,82
2016-07-12,1334.1,gc_futuro,633020,378081,80618,79128,123258,448710,52553,24564,296106,36977,48941,39218,222887,48830,35210,176993,81975,43641,30187,23.0,29.8,31.5,45.7,388,202,93
2016-07-19,1331.5,gc_futuro,617069,366871,80960,75151,119433,434910,55614,26048,287317,34920,45320,37838,217412,49734,31861,167764,79554,46040,29831,22.4,30.2,30.7,45.9,381,197,95
2016-07-26,1320.7,gc_futuro,576325,347426,68471,55650,117420,426443,55829,25761,278777,31356,26975,35575,209397,50397,31448,166649,68649,37115,28675,23.9,33.8,33.3,47.7,351,185,79
2016-08-02,1364.4,gc_futuro,582211,365801,71618,48048,113911,437938,54451,24607,288542,33813,21485,37132,214285,47682,29097,175971,77259,37805,26563,22.9,35.6,32.5,49.1,375,211,82
2016-08-09,1339.0,gc_futuro,575399,356471,70024,50020,116251,429192,52657,26163,281496,36244,23359,32598,208731,54586,29067,165875,74975,33780,26661,23.4,35.8,32.0,48.5,371,199,90
2016-08-16,1350.5,gc_futuro,572496,351535,67684,52308,116128,427121,52525,25383,277152,34425,26023,32762,204547,53275,30091,169299,74383,33259,26285,23.9,36.4,31.2,49.1,359,196,80
2016-08-23,1340.6,gc_futuro,572973,359785,65176,52821,108571,426046,51796,28930,284550,30866,27579,32034,209723,52672,23865,163651,75235,34310,25242,24.3,37.0,32.2,49.2,355,196,83
2016-08-30,1311.7,gc_futuro,558398,340586,64245,54292,109854,411067,53666,28794,266680,35086,28821,31637,197108,55937,22280,158022,73906,29159,25471,24.5,36.3,32.2,47.8,367,186,102
2016-09-06,1349.4,gc_futuro,590656,370375,62515,55872,110470,440443,53939,31826,291692,22157,31809,28000,204170,59996,22474,176277,78683,40358,24063,23.4,35.6,29.9,47.2,374,203,92
2016-09-13,1319.0,gc_futuro,575002,351776,66363,52492,116841,428212,53893,27935,271631,28654,29354,29423,191960,62718,24700,173534,80145,37709,23138,24.7,36.1,31.5,47.6,376,197,95
2016-09-20,1313.7,gc_futuro,558791,326326,70147,50995,120314,410929,61156,26720,246119,32972,25688,33793,186385,61481,25040,163063,80207,37175,25307,23.1,36.0,29.6,47.6,373,187,98
2016-09-27,1325.9,gc_futuro,583161,358972,67068,47925,123156,437750,53108,30418,282151,26974,24127,32038,197300,64437,26681,176013,76821,40094,23798,23.6,36.7,30.4,48.1,365,193,86
2016-10-04,1266.3,gc_futuro,544824,324136,78628,53866,111864,383106,54958,29224,244765,44649,30431,29901,173469,54359,27604,155278,79371,33979,23435,24.6,34.6,30.4,44.9,364,177,110
2016-10-11,1253.0,gc_futuro,500328,283386,88167,50883,112362,333561,53697,27717,203033,54240,29939,34348,140974,49354,28660,143233,80353,33927,20944,22.5,31.5,29.7,41.6,360,169,112
2016-10-18,1260.8,gc_futuro,497061,274345,94727,56255,115441,318112,51020,27967,190008,59054,33837,35745,132128,49374,30322,136610,84337,35673,22418,20.8,30.4,27.7,39.8,373,177,116
2016-10-25,1271.9,gc_futuro,507617,285376,88396,57916,114700,332299,49625,29006,199094,55184,37185,34869,140933,50594,29237,140772,86282,33212,20731,21.1,29.7,27.6,40.6,370,188,103
2016-11-01,1286.4,gc_futuro,521506,288308,73177,65953,115398,354649,51847,27727,203670,37403,42434,36607,149931,51125,27666,153593,84638,35774,23519,20.0,31.4,26.3,41.9,372,192,97
2016-11-08,1273.4,gc_futuro,528203,289860,72622,72413,114915,360501,51015,22667,211670,38033,45490,31113,146201,56205,27597,158095,78190,34589,26923,20.5,31.4,26.3,41.7,355,178,96
2016-11-15,1224.0,gc_futuro,479237,245750,68090,69056,115191,315157,49240,26934,178132,43452,41523,28878,121945,59030,27283,134182,67618,24638,27533,21.1,30.0,26.6,40.7,330,154,99
2016-11-22,1211.0,gc_futuro,461062,241646,74561,68746,97975,290147,52695,27608,171864,47475,46613,23389,117366,53781,20805,119000,69782,27086,22133,20.9,29.2,26.9,39.6,311,143,95
2016-11-29,1187.9,gc_futuro,405661,229731,78161,37735,92628,260451,45567,29314,162086,55145,14452,25014,102249,43512,24102,114690,67645,23016,23283,22.5,31.1,29.1,42.5,293,144,78
2016-12-06,1167.6,gc_futuro,393524,227675,91295,33973,86237,241181,45639,27075,150856,68538,13357,28749,100265,35707,21781,105209,76819,22757,20616,22.1,29.8,28.9,42.7,313,157,82
2016-12-13,1156.7,gc_futuro,397034,229755,100444,35044,86143,236029,46092,25517,146150,77432,14367,28815,97528,35129,22199,103372,83605,23012,20677,20.5,28.9,27.4,42.2,330,169,87
2016-12-20,1131.5,gc_futuro,398661,219067,104233,44342,87960,221982,47292,28104,137588,83783,21490,39604,94282,26226,22130,101474,81479,20450,22852,18.0,28.3,25.6,41.2,312,153,85
2016-12-27,1137.3,gc_futuro,401513,206538,108195,55836,89975,210942,49164,26540,130595,87229,31876,41038,87558,25390,23547,97994,75943,20966,23960,16.4,28.1,23.5,40.3,312,150,89
2017-01-03,1160.4,gc_futuro,424673,208855,112305,71021,97410,215022,47387,26325,127786,91229,45322,45237,89620,27405,24768,97997,81069,21076,25699,15.7,26.7,22.3,37.5,318,157,88
2017-01-10,1184.2,gc_futuro,444001,214000,104518,89161,96763,222579,44077,27743,135563,79884,63303,43277,97020,28898,24588,96661,78437,24634,25858,14.3,25.4,21.2,37.1,329,162,91
2017-01-17,1212.0,gc_futuro,467937,218144,111103,104399,101399,224510,43995,27925,141566,82931,78180,55461,102973,22094,23844,99443,76578,28172,26219,17.2,24.5,23.8,36.3,333,157,96
2017-01-24,1210.3,gc_futuro,482374,209854,100447,119798,109000,235374,43722,26755,135159,75405,92830,58497,99506,27386,23117,108482,74695,25042,26968,17.0,24.6,23.0,36.1,329,157,93
2017-01-31,1208.6,gc_futuro,398433,212414,93259,45008,101784,233587,39227,26579,140663,70826,27032,58393,100374,22645,20746,110568,71751,22433,17976,20.3,29.7,27.6,42.8,315,169,84
2017-02-07,1234.2,gc_futuro,415543,216408,99259,51747,106024,240170,41364,24367,142542,72393,34189,62157,103080,21316,22551,115774,73866,26866,17558,20.8,27.7,28.3,40.4,333,165,97
2017-02-14,1223.9,gc_futuro,415128,212259,102507,57432,105674,233462,39763,21727,135739,72114,36321,63220,98578,21462,20992,113422,76520,30393,21111,20.1,26.3,27.5,39.1,348,169,106
2017-02-21,1237.5,gc_futuro,427168,219673,95910,63290,103861,243425,40344,24543,142639,64597,40857,61324,105119,21980,20557,116326,77034,31313,22433,19.1,25.7,26.0,37.3,347,172,103
2017-02-28,1252.6,gc_futuro,446081,247494,83696,54410,100180,280087,43997,27888,166437,52191,34855,56402,128960,24219,19559,126908,81057,31505,19555,21.4,26.3,28.5,39.0,326,165,89
2017-03-07,1215.1,gc_futuro,434401,229969,96284,61157,99484,252132,43791,24828,150277,60030,40987,57578,112363,21742,20164,118027,79692,36254,20170,21.0,25.7,28.5,37.5,331,152,106
2017-03-14,1201.9,gc_futuro,426170,210315,104277,69088,102535,225822,44232,26983,121179,74805,50954,56881,91778,24717,20937,109327,89136,29472,18134,19.0,23.0,26.0,34.2,333,155,100
2017-03-21,1246.1,gc_futuro,446880,219719,103467,82582,101282,230279,43297,30552,130259,74064,63513,57057,87538,25353,18872,117388,89460,29403,19069,17.2,24.9,24.7,35.0,326,161,95
2017-03-28,1255.3,gc_futuro,449418,227839,90019,74805,104760,256874,42014,27720,150879,59836,58342,59196,97664,27707,17857,131503,76960,30183,16463,18.7,26.4,25.9,37.1,327,167,87
2017-04-04,1255.0,gc_futuro,427808,239061,83625,49043,96115,267131,43589,28009,163428,54302,34850,58279,106418,21002,16834,139711,75633,29323,14193,20.5,28.4,28.5,41.2,325,168,87
2017-04-11,1271.2,gc_futuro,456131,253004,80338,57490,98119,285483,47518,32820,179841,46830,39146,58431,110151,22035,17653,153297,73163,33508,18344,19.8,29.0,27.7,41.7,331,165,90
2017-04-18,1291.7,gc_futuro,472263,279311,83543,48361,97769,308833,46822,31526,199001,47765,30699,56226,117510,23966,17577,167357,80310,35778,17662,20.6,31.3,28.7,44.2,343,181,84
2017-04-25,1265.6,gc_futuro,475985,287468,86791,43513,100335,314915,44669,30766,207394,47014,24853,57558,120464,25159,17618,169292,80074,39777,18660,24.3,31.5,31.8,45.6,352,174,100
2017-05-02,1255.1,gc_futuro,461905,276032,86398,42037,99054,303040,44782,30430,195331,51720,25171,59280,109970,22347,17427,170723,80701,34678,16866,25.7,31.0,33.3,44.9,334,160,96
2017-05-09,1214.3,gc_futuro,433033,236115,86109,46859,104960,269382,45099,30683,151419,55457,24064,59970,86406,27731,17259,155245,84696,30652,22795,23.1,29.1,30.5,40.8,336,157,103
2017-05-16,1235.0,gc_futuro,435021,221532,94808,54659,113719,256578,45111,28976,132094,66226,32036,63431,77701,29952,20336,148925,89438,28582,22623,19.1,26.2,26.0,36.6,343,167,96
2017-05-23,1254.8,gc_futuro,462572,241752,81985,63428,112114,286405,45278,30754,161893,50845,38548,57061,84517,35779,19274,166109,79859,31140,24880,18.0,28.8,25.3,39.3,344,167,95
2017-05-30,1262.1,gc_futuro,434246,250542,83452,35549,103751,286970,44404,28275,175304,51171,19242,60524,87501,21657,21570,177812,75238,32281,16307,20.0,33.3,28.0,45.7,330,172,81
2017-06-06,1294.4,gc_futuro,494041,312240,107775,29475,108298,324652,44028,32139,229476,63427,14533,68622,111020,21148,18528,192484,82764,44348,14942,24.0,33.3,32.8,46.1,366,188,96
2017-06-13,1265.8,gc_futuro,471134,297178,106904,28577,105193,308804,40186,26849,214955,67459,14420,67130,104524,21207,16856,183073,82223,39445,14157,25.6,33.6,34.7,48.0,355,174,99
2017-06-20,1241.0,gc_futuro,445841,252620,101945,39733,110287,275303,43201,28860,165035,65659,24985,71455,88537,22531,16301,164235,87585,36286,14748,23.4,32.5,32.0,46.2,342,168,94
2017-06-27,1246.4,gc_futuro,453144,236586,104914,51658,117497,267360,47403,29212,144515,71860,31919,74033,83911,26818,16646,156631,92071,33054,19739,22.9,31.6,30.6,44.2,336,168,90
2017-07-03,1217.9,gc_futuro,457201,221681,127882,56968,131190,238416,47362,33935,129780,96091,39080,77273,56210,35751,18166,146455,91901,31791,17888,22.2,30.1,29.8,40.4,331,152,103
2017-07-11,1213.6,gc_futuro,475669,217637,157377,64759,147818,221734,45455,31799,123619,100397,45416,85352,41631,38461,24005,141642,94018,56980,19343,20.3,28.1,27.6,38.5,342,160,105
2017-07-18,1241.1,gc_futuro,484204,217232,157094,69714,153064,226699,44194,30697,127028,98115,49480,92227,45064,36721,24116,144914,90204,58979,20234,19.2,29.7,26.5,40.2,342,161,105
2017-07-25,1251.7,gc_futuro,463827,220299,129468,51215,148926,252269,43387,30875,136359,62735,34285,94201,59983,32979,21746,159307,83940,66733,16930,21.3,32.9,28.9,45.8,326,148,99
2017-08-01,1272.6,gc_futuro,448709,239766,110094,39997,126891,270276,42055,28342,158082,39624,28389,85526,80375,22283,19082,167618,81684,70470,11608,22.4,34.5,30.4,47.5,340,151,109
2017-08-08,1256.4,gc_futuro,448727,246377,97540,36408,125168,284679,40774,30100,164828,28843,25861,85898,96099,20251,19019,168329,81549,68697,10547,23.3,36.7,31.2,50.2,328,152,94
2017-08-15,1273.7,gc_futuro,477921,277730,89996,37693,122138,318769,40360,31463,195433,18877,25628,82435,116285,23324,16379,179160,82297,71119,12065,22.5,36.2,30.9,50.0,348,160,109
2017-08-22,1285.1,gc_futuro,500443,295711,87273,37626,125036,344954,42070,30590,209717,15638,23626,86325,127096,22730,15981,195128,85994,71635,14000,22.4,35.1,30.7,50.9,354,165,107
2017-08-29,1313.1,gc_futuro,538875,318883,87836,53981,119030,367059,46981,29999,235065,13939,37231,75594,135022,26084,17352,205953,83818,73897,16750,19.7,34.7,28.0,48.7,371,190,98
2017-09-05,1339.2,gc_futuro,566817,336073,90775,54858,125145,386952,50741,34232,251489,14301,39724,76165,144178,30507,18473,212267,84584,76474,15134,18.8,33.2,28.3,47.8,373,188,102
2017-09-12,1328.0,gc_futuro,580606,351492,96732,57172,123298,395396,48644,31306,270413,16896,40532,76515,156958,29201,17582,209237,81079,79836,16640,18.9,33.2,28.8,48.7,377,182,111
2017-09-19,1306.2,gc_futuro,570096,330646,94557,63976,129222,382263,46252,29300,251735,18353,45633,83263,146424,28397,17562,207442,78911,76204,18343,20.1,32.8,29.6,48.2,367,179,104
2017-09-26,1297.0,gc_futuro,549637,303255,90661,63295,134501,367972,48586,27709,219134,23158,45280,88232,131881,27346,18923,208745,84121,67503,18015,19.6,32.9,28.8,47.7,357,190,87
2017-10-03,1271.5,gc_futuro,525127,287296,83441,64511,126749,351172,46571,26003,204361,24917,45420,84906,123391,24133,17710,203648,82935,58524,19091,19.5,34.0,28.0,48.7,347,192,79
2017-10-10,1290.6,gc_futuro,520005,279227,79115,68514,124178,347175,48086,25201,193154,21824,51098,80325,120570,25191,18662,201414,86073,57291,17416,19.0,34.4,28.0,48.4,350,189,90
2017-10-17,1283.0,gc_futuro,528800,284617,83893,70277,126678,348302,47228,26328,196555,27040,51700,83262,117660,24607,18809,206035,88062,56853,18577,19.3,34.1,29.0,48.0,361,183,98
2017-10-24,1275.0,gc_futuro,526674,275521,84136,80570,125468,336121,45115,25847,192701,24333,60190,84376,112366,22732,18360,201023,82820,59803,20380,18.9,34.5,28.3,47.8,357,174,102
2017-10-31,1267.0,gc_futuro,531918,268710,75615,89354,128371,339019,45483,27930,182652,16687,69029,86265,113205,25025,17081,200789,86058,58928,20325,17.3,34.3,26.5,47.3,343,176,94
2017-11-07,1273.7,gc_futuro,536843,272571,76781,94638,123149,338436,46485,26988,187782,17070,70044,82790,117003,23052,17307,198381,84789,59711,24594,16.6,34.0,25.6,46.9,351,180,95
2017-11-14,1281.5,gc_futuro,533054,271496,76412,91605,122703,338494,47250,26543,190657,14559,64692,83054,114635,21326,18323,202533,80839,61853,26913,16.5,34.2,24.9,47.5,360,190,91
2017-11-21,1281.1,gc_futuro,531612,272934,71107,84095,124856,349912,49727,26498,187292,14137,54995,80549,120223,24793,19514,204896,85642,56970,29100,16.2,35.0,24.6,49.2,355,192,87
2017-11-28,1294.7,gc_futuro,503810,287384,62967,52355,116831,363372,47240,25116,208518,9978,30181,75448,137232,23492,17891,202648,78866,52989,22174,17.3,36.3,26.6,52.6,338,189,69
2017-12-05,1261.6,gc_futuro,472795,251234,77905,44905,132509,322399,44147,27586,167174,32664,29800,82926,114396,28764,20819,179239,84060,45241,15105,18.1,32.6,27.0,46.4,338,177,86
2017-12-12,1238.5,gc_futuro,446618,201912,94844,45407,155730,275193,43569,31174,123139,46913,30931,106267,93989,30218,19245,150986,78773,47931,14476,20.1,30.6,28.8,43.0,332,157,104
2017-12-19,1260.7,gc_futuro,453595,197473,83678,56410,156226,284443,43486,29064,116642,35397,39502,106269,103626,32657,17300,148160,80831,48281,16908,20.2,29.5,28.4,42.7,322,154,95
2017-12-26,1284.1,gc_futuro,456470,202590,66642,57643,155469,304938,40768,27247,127715,19957,39664,105936,113856,29818,19715,161264,74875,46685,17979,20.2,32.2,28.3,46.5,315,159,82
2018-01-02,1313.7,gc_futuro,500731,241428,78160,60048,155104,332704,44151,29819,168423,20249,39872,108799,128180,23810,22495,180714,73005,57911,20176,19.4,33.6,27.8,47.9,329,170,86
2018-01-09,1311.7,gc_futuro,555455,289161,85873,69270,150099,370370,46925,29942,216115,20065,48677,105725,148742,23257,21117,198371,73046,65808,20593,19.2,33.5,27.3,48.4,343,179,90
2018-01-16,1335.4,gc_futuro,582333,301863,90152,73170,158202,390709,49098,28302,227373,25841,55770,108318,150807,27023,22861,212879,74490,64311,17400,19.3,32.6,27.1,45.9,357,190,91
2018-01-23,1335.7,gc_futuro,582421,305812,91128,64523,161458,396010,50628,30760,236003,26467,46076,109160,150461,28365,23933,217184,69809,64661,18447,18.9,33.7,27.2,47.4,353,180,96
2018-01-30,1335.4,gc_futuro,559332,298327,91065,57648,154690,379766,48667,30853,230597,23035,42024,106587,144728,25419,22684,209619,67730,68030,15624,18.8,34.0,27.7,48.5,346,182,86
2018-02-06,1326.1,gc_futuro,535321,273828,82951,60557,158650,364101,42286,27712,206377,23448,46198,104742,134563,27313,26595,202225,67451,59503,14359,20.0,33.8,27.9,46.8,341,170,91
2018-02-13,1328.1,gc_futuro,511745,251860,76254,64242,150847,345383,44796,25866,186183,16426,46104,98254,121390,29844,22749,194149,65677,59828,18138,19.7,33.9,27.6,45.5,331,172,79
2018-02-20,1328.8,gc_futuro,528154,257205,66283,67636,154913,369791,48400,24444,190398,14943,49506,96427,134987,27519,30967,207285,66807,51340,18130,19.8,34.6,27.9,44.9,335,178,77
2018-02-27,1315.5,gc_futuro,532860,251981,73263,72017,161527,361323,47335,26257,177475,27456,51154,106048,130619,24486,30993,206218,74506,45807,20863,20.6,34.8,28.8,45.5,330,173,78
2018-03-06,1333.6,gc_futuro,508100,245587,61764,62811,153421,358324,46281,25201,172492,21786,47456,106499,137625,21280,25642,199419,73095,39978,15355,21.5,35.6,29.6,46.2,345,183,79
2018-03-13,1325.9,gc_futuro,526762,234431,66483,82713,161604,350414,48014,27152,162337,26472,60022,107910,126997,28228,25466,195189,72094,40011,22691,20.9,33.4,28.8,44.2,335,178,74
2018-03-20,1311.1,gc_futuro,545499,223882,75151,102004,173307,340577,46306,27767,148152,36345,67627,109340,120041,38489,25478,182047,75730,38806,34377,19.3,32.1,27.1,42.0,353,178,90
2018-03-27,1341.3,gc_futuro,529690,259032,55678,63396,157443,383803,49819,26813,183080,20917,27747,106631,153975,25647,25165,204181,75952,34761,35649,19.8,37.6,27.9,47.7,348,199,63
2018-04-03,1332.8,gc_futuro,493141,234677,68088,52011,162608,351473,43845,21569,155590,28948,26342,113668,135771,18673,30267,197029,79087,39140,25669,21.2,37.9,30.2,50.1,326,180,68
2018-04-10,1342.0,gc_futuro,499588,234457,79085,52761,166796,342448,45574,25294,154044,28482,26730,116790,127347,17813,32193,197288,80413,50603,26031,21.1,36.7,30.0,49.9,333,185,69
2018-04-17,1347.2,gc_futuro,510229,237288,74219,52500,173535,358797,46906,24713,157925,25287,26741,122287,133702,18207,33041,206888,79363,48932,25759,20.6,36.2,29.3,49.8,342,191,74
2018-04-24,1331.4,gc_futuro,506410,225804,89158,54354,175715,337515,50537,25383,143258,43597,30025,123783,122120,19236,32696,196159,82546,45561,24329,20.4,34.4,29.0,47.4,346,187,85
2018-05-01,1303.8,gc_futuro,507756,209577,102798,66156,179735,311607,52288,27195,119064,79747,34568,124348,108165,22183,33204,181259,90513,23051,31588,19.2,31.5,27.0,43.9,356,195,86
2018-05-08,1312.0,gc_futuro,491398,198548,91108,57613,181586,316570,53651,26107,109508,67869,36052,121849,108600,25542,34195,182428,89040,23239,21561,18.2,32.9,26.2,44.8,345,187,83
2018-05-15,1288.9,gc_futuro,519958,201468,109025,65319,195925,314014,57246,31600,103256,84258,50231,121526,99755,38711,35688,175548,98212,24767,15088,16.4,29.6,23.7,41.2,356,193,84
2018-05-22,1291.7,gc_futuro,502942,189677,98720,55606,203101,318676,54558,29940,91411,74880,41127,118596,104867,46533,37972,167276,98266,23840,14479,16.7,31.9,24.3,43.8,339,186,82
2018-05-29,1298.7,gc_futuro,469382,193652,78522,52942,171361,308050,51427,29868,107882,53881,36707,114188,113502,23590,33583,170958,85770,24641,16235,17.8,35.4,25.4,47.6,337,188,74
2018-06-05,1297.5,gc_futuro,450641,185321,73905,50712,164024,298371,50584,27653,100027,49147,35125,97169,133392,24683,42172,140296,85294,24758,15587,18.1,34.2,26.2,46.5,339,187,79
2018-06-12,1295.1,gc_futuro,448695,192752,72512,48368,159416,300003,48159,27812,104313,48809,29057,93548,138519,22641,43227,138843,88439,23703,19311,18.0,31.2,26.3,45.4,337,183,78
2018-06-19,1275.6,gc_futuro,468345,202915,106403,56882,161475,275599,47073,29461,94297,83769,29797,95221,138155,21213,45041,116231,108618,22634,27085,17.5,26.0,25.4,39.0,347,179,91
2018-06-26,1256.6,gc_futuro,468573,195118,118446,51434,171601,266564,50420,32129,94845,94869,25265,101135,124287,25358,45108,116919,100273,23577,26169,17.7,25.4,25.5,37.6,348,183,90
2018-07-03,1251.6,gc_futuro,494164,210483,132156,59665,172917,266067,51099,36276,104275,105529,29631,96505,118411,35618,40794,112038,106208,26627,30034,17.5,24.0,25.0,35.4,350,181,95
2018-07-10,1253.8,gc_futuro,503593,214310,132876,70367,165561,265955,53355,34395,107402,109929,40532,92406,123158,39048,34107,103749,106908,22947,29835,16.6,21.6,23.9,33.5,340,178,89
2018-07-17,1225.7,gc_futuro,528278,218427,160586,77094,181266,254901,51491,35697,107775,134224,51880,102289,103930,49248,29729,101723,110652,26362,25214,15.3,19.8,22.3,30.6,362,172,107
2018-07-24,1223.9,gc_futuro,496620,220620,172023,58618,162640,228308,54742,37671,110249,146671,32937,96946,105314,38628,27066,84366,110371,25352,25681,16.6,18.7,23.8,32.2,352,176,104
2018-07-31,1223.7,gc_futuro,452655,209255,173918,48128,145254,193172,50018,37437,110580,153108,27121,96716,91870,22053,26485,79249,98675,20810,21007,17.2,21.4,24.9,34.9,335,166,98
2018-08-07,1209.6,gc_futuro,459474,208292,195604,48577,154203,179812,48402,35481,105849,171965,27912,105342,83286,24169,24692,72357,102443,23639,20665,16.7,21.2,24.5,33.8,337,160,103
2018-08-14,1193.0,gc_futuro,476739,211779,215467,54392,164195,171545,46373,35335,104803,188127,29558,109688,78429,26933,27574,66183,106976,27340,24834,16.4,20.3,24.3,32.7,345,162,115
2018-08-21,1192.6,gc_futuro,483730,213500,222210,58806,166529,168214,44895,34500,107143,197171,30374,109023,73309,30990,26516,63915,106357,25039,28432,16.0,20.7,23.1,32.6,359,175,115
2018-08-28,1207.4,gc_futuro,479283,207370,210433,60824,165581,173843,45508,34183,105971,181743,36694,108361,75431,30713,26507,67699,101399,28690,24130,15.9,21.9,23.2,33.9,352,181,100
2018-09-04,1192.7,gc_futuro,473118,199762,213259,55455,168732,162207,49169,42197,101651,184373,33098,111868,66727,29749,27115,65731,98111,28886,22357,15.9,22.2,23.2,32.7,341,163,107
2018-09-11,1195.4,gc_futuro,469450,198367,205957,54025,169192,169179,47866,40289,100593,175812,34119,111917,71547,29019,28256,68613,97774,30145,19906,15.7,20.6,23.2,32.1,341,159,110
2018-09-18,1196.8,gc_futuro,469436,197797,208641,56478,171293,169602,43868,34715,97904,180367,33342,111685,71023,30251,29357,68328,99893,28274,23136,16.1,20.9,23.6,32.2,346,168,104
2018-09-25,1200.0,gc_futuro,460279,192940,210588,51897,167904,160824,47538,36970,98513,182190,32463,110272,62667,30355,27277,67802,94427,28398,19434,15.9,21.9,23.5,33.2,335,163,98
2018-10-02,1202.4,gc_futuro,459776,192490,214312,48629,169371,160496,49286,36339,100671,180274,33456,108806,61321,28998,31567,70177,91819,34038,15173,15.4,22.4,23.3,33.0,351,177,100
2018-10-09,1187.2,gc_futuro,465253,179746,217921,63757,174309,148443,47441,35132,82218,191672,46545,111386,51387,27422,35501,69634,97528,26249,17212,13.2,22.6,20.5,31.7,355,172,103
2018-10-16,1227.3,gc_futuro,474418,189200,171533,71278,166143,198139,47797,33468,95333,144715,52529,105647,75686,24299,36197,98154,93867,26818,18749,13.2,24.8,19.8,34.9,351,178,95
2018-10-23,1233.4,gc_futuro,477832,192578,163190,73950,163414,209934,47890,30758,99368,137484,53561,102239,80835,26512,34663,102587,93210,25706,20389,13.0,24.9,19.6,36.2,359,191,87
2018-10-30,1222.6,gc_futuro,474941,168754,155560,91460,165857,197062,48870,30859,80105,135628,66673,102321,72472,27479,36057,97111,88649,19932,24787,12.8,22.5,19.5,32.8,348,175,93
2018-11-06,1223.8,gc_futuro,494911,169141,150115,103258,173897,212033,48615,29505,82188,129634,69288,99126,74951,37748,37023,99334,86953,20481,33970,11.9,22.5,18.6,31.5,337,165,93
2018-11-13,1199.2,gc_futuro,539520,168416,177663,122818,201354,203177,46932,35862,79529,158723,97716,105368,65228,48435,47551,89514,88887,18940,25102,10.5,19.5,16.9,28.4,348,168,95
2018-11-20,1219.0,gc_futuro,525940,165506,156610,115384,201259,224399,43791,29547,84356,136207,85936,101125,78155,52680,47454,93564,81150,20403,29448,10.8,21.4,16.9,30.4,352,174,94
2018-11-27,1211.2,gc_futuro,442801,156779,154908,65544,172358,188458,48120,33891,79992,138382,38546,101201,76287,35961,35196,76210,76787,16526,26998,13.1,25.2,20.2,34.7,316,139,101
2018-12-04,1241.1,gc_futuro,399919,173019,124018,52329,135067,193316,39504,30256,99414,109201,34760,92265,94967,23590,19212,74759,73605,14817,17569,14.1,28.2,22.5,37.5,321,170,75
2018-12-11,1241.9,gc_futuro,402250,169600,109101,53101,134285,211653,45264,28395,89942,90008,37267,95532,108720,19817,18936,83116,79658,19093,15834,14.7,29.7,22.2,40.6,327,168,81
2018-12-18,1249.2,gc_futuro,412485,182168,106208,53411,132148,224823,44758,28043,100828,89630,39543,93951,126188,19666,18531,78969,81340,16578,13868,14.0,30.2,21.6,41.6,324,170,79
2018-12-24,1267.5,gc_futuro,442727,208622,97637,60149,130090,258309,43866,26632,119146,77178,41968,90994,153318,18926,20170,86065,89476,20459,18181,12.8,32.2,19.8,43.9,334,190,70
2018-12-31,1278.3,gc_futuro,451360,210141,86369,64227,130285,274899,46707,25865,121205,71021,44696,91520,163237,19465,19300,92197,88936,15348,19531,12.0,33.2,19.0,44.1,322,187,61
2019-01-08,1283.2,gc_futuro,455232,199560,100344,69559,137605,258792,48508,26537,112690,80219,52561,95600,154736,29036,12969,75020,86870,20125,16998,11.8,29.6,18.6,39.3,331,178,75
2019-01-15,1286.2,gc_futuro,501605,201796,113883,71416,179059,287172,49334,29134,115651,90716,49848,99528,147690,36180,43351,103302,86145,23167,21568,10.9,25.6,17.2,35.5,342,188,74
2019-01-22,1282.5,gc_futuro,513509,186510,112006,80981,197278,289355,48740,31167,105295,89085,57454,102479,134513,44712,50087,110130,81215,22921,23527,10.7,24.0,16.6,32.5,334,179,80
2019-01-29,1308.2,gc_futuro,483390,212318,112725,58008,163922,282531,49142,30126,126404,94007,31561,102371,150322,47262,14289,84947,85914,18718,26447,12.5,28.1,18.9,38.7,340,191,70
2019-02-05,1314.2,gc_futuro,479736,218200,109105,53593,157588,288830,50355,28208,134954,90079,30535,111952,169627,30043,15593,89160,83246,19026,23058,13.5,28.4,20.6,41.2,341,193,66
2019-02-12,1309.2,gc_futuro,476083,214170,109296,53388,159676,285787,48849,27612,132365,89746,28083,113352,165296,29758,16566,90733,81805,19550,25305,13.8,28.9,21.0,42.0,343,191,68
2019-02-19,1340.1,gc_futuro,504639,254086,108439,53521,146161,312638,50871,30041,166411,84034,26270,102849,180889,28076,15236,103673,87675,24405,27251,13.3,29.2,20.5,41.6,372,218,72
2019-02-26,1325.1,gc_futuro,501268,236835,101139,65402,146042,305887,52989,28840,154217,75658,31177,102816,176912,27914,15312,101061,82618,25481,34225,13.5,28.5,20.2,38.8,353,200,69
2019-03-05,1282.0,gc_futuro,471311,202628,114610,59730,155732,269729,53221,27242,125903,94656,32170,105762,147578,36050,13920,86101,76725,19954,27560,14.5,25.4,20.9,37.4,329,185,68
2019-03-12,1296.3,gc_futuro,530030,205250,126431,75211,192029,300503,57540,27885,123293,105886,36397,104043,152196,60858,27128,87449,81957,20545,38814,12.7,22.5,18.5,33.4,345,198,67
2019-03-19,1305.0,gc_futuro,514163,204325,115929,68691,186704,302363,54443,27180,123909,93434,38307,99696,151358,53416,33592,97589,80416,22495,30384,12.9,22.2,18.7,32.7,341,193,68
2019-03-26,1314.3,gc_futuro,509575,214897,94959,69207,161201,312635,64270,32774,135373,77386,34623,96748,178833,49749,14704,84053,79524,17573,34584,12.8,25.7,19.1,36.9,332,193,64
2019-04-02,1290.0,gc_futuro,440170,193784,99228,56826,139514,257744,50046,26372,110816,86198,33534,98592,158587,24583,16339,74574,82968,13030,23292,14.9,25.0,21.5,37.7,338,188,69
2019-04-09,1303.5,gc_futuro,447539,199507,94143,61105,132478,265287,54449,27004,117917,80880,34457,89285,162497,26951,16242,75839,81590,13263,26648,14.4,24.7,20.9,37.7,334,193,61
2019-04-16,1272.6,gc_futuro,440581,183213,126940,58444,145702,224132,53222,31065,96196,111583,36047,102113,137333,25003,18586,61796,87017,15357,22397,14.9,20.3,21.7,33.6,344,179,82
2019-04-23,1269.3,gc_futuro,440048,176691,139296,59299,154403,211799,49655,29654,88989,122818,34838,111538,132951,25775,17090,53073,87702,16478,24461,15.0,21.2,22.1,34.1,343,174,90
2019-04-30,1282.8,gc_futuro,430011,177275,111056,56305,147288,235600,49143,27050,95159,95083,32233,107267,144604,23123,16898,67873,82116,15973,24072,15.3,22.3,23.0,37.9,316,167,68
2019-05-07,1283.5,gc_futuro,450039,185801,110390,73060,142078,238437,49100,28152,102975,93428,46752,97242,145649,25554,19282,67234,82826,16962,26308,13.6,20.9,21.3,36.5,333,180,70
2019-05-14,1294.7,gc_futuro,517995,226361,101825,78759,159444,296627,53431,40784,138467,85921,56826,93005,165306,28804,37635,102517,87894,15904,21933,14.6,20.6,21.7,35.5,334,185,65
2019-05-21,1272.0,gc_futuro,508643,203628,114823,83533,167827,275765,53655,34522,114986,99049,60257,97934,143140,27762,42131,104863,88642,15774,23276,15.1,17.9,22.5,31.9,338,177,81
2019-05-28,1276.5,gc_futuro,505126,194463,107775,62206,191290,301244,57167,33901,119314,93040,38764,101915,149073,41518,47857,110653,75149,14735,23442,15.9,18.6,23.4,34.4,330,178,74
2019-06-04,1323.4,gc_futuro,481495,240477,84362,56898,132517,305093,51603,35142,159663,63481,39505,92611,178417,20383,19523,106293,80814,20881,17393,16.0,23.5,23.8,38.2,354,198,72
2019-06-11,1326.4,gc_futuro,496663,250114,65876,59835,137719,339746,48995,31206,169640,40480,42491,95607,205018,19886,22226,114842,80474,25396,17344,15.6,28.1,23.4,41.7,350,192,72
2019-06-18,1346.6,gc_futuro,525636,274633,70310,56655,141993,365848,52355,32823,191766,41250,37522,99745,221348,19728,22520,124772,82867,29060,19133,15.0,27.9,22.2,40.9,362,206,69
2019-06-25,1414.9,gc_futuro,577605,298108,61554,59841,160228,420378,59428,35832,204918,27177,39972,110102,242764,22611,27515,155003,93190,34377,19869,13.3,28.7,21.2,42.9,370,207,75
2019-07-02,1404.6,gc_futuro,605949,312702,53756,71633,160282,447104,61332,33456,214186,20099,43480,111301,254617,22542,26439,169945,98516,33657,28153,14.3,29.6,21.6,44.4,373,216,70
2019-07-09,1397.5,gc_futuro,598977,306105,61342,62529,163955,442371,66388,32735,208301,25690,37261,113865,242667,26991,23099,172713,97804,35652,25268,15.0,29.0,22.5,44.1,382,213,75
2019-07-16,1409.2,gc_futuro,601900,309535,64034,48434,175785,453193,68146,36239,211322,31263,23036,106552,246960,33124,36109,173109,98213,32771,25398,14.0,25.3,22.2,41.3,378,220,67
2019-07-23,1420.1,gc_futuro,616859,311881,60631,56198,175785,463624,72995,36406,208153,29980,28184,105569,253210,35144,35072,175270,103728,30651,28014,13.6,24.3,21.9,40.4,376,220,64
2019-07-30,1429.7,gc_futuro,563298,312214,57826,45699,141164,429131,64221,30642,215581,29868,18638,103601,256977,21079,16484,151075,96633,27958,27061,15.8,27.9,24.6,43.5,358,210,61
2019-08-06,1472.4,gc_futuro,600317,350558,58013,49905,137010,461335,62844,31064,248687,21854,20134,97634,282629,17799,21577,160907,101871,36159,29771,15.3,29.6,23.8,44.7,388,235,66
2019-08-13,1502.2,gc_futuro,593962,346223,56133,47458,136823,460550,63458,29821,245631,22020,22169,96263,281134,19618,20942,159798,100592,34113,25289,16.2,29.4,24.1,45.5,381,232,62
2019-08-20,1504.6,gc_futuro,594807,352294,52301,45250,133408,469658,63855,27598,249696,19850,20533,94900,285833,17205,21303,166620,102598,32451,24717,17.4,31.3,25.5,47.0,374,228,60
2019-08-27,1541.0,gc_futuro,636183,362609,65771,54297,148866,482672,70411,33443,258269,31553,25567,95266,284738,25011,28589,172923,104340,34218,28730,16.8,27.8,24.4,42.0,378,234,59
2019-09-03,1545.9,gc_futuro,634358,365385,64838,55608,147717,485458,65648,28454,265175,33549,24450,97751,280835,26117,23849,178506,100210,31289,31158,18.4,28.8,25.8,42.9,377,225,63
2019-09-10,1490.3,gc_futuro,614753,334114,64389,61037,156061,461672,63541,27655,239475,33294,26504,109076,260859,23786,23199,177027,94639,31095,34533,20.5,28.7,28.3,43.1,363,210,67
2019-09-17,1505.1,gc_futuro,630990,341511,58912,65382,163008,481407,61089,25289,241936,28080,26607,108242,267080,33485,21281,180842,99575,30832,38775,19.4,28.7,27.0,42.7,363,211,67
2019-09-24,1532.1,gc_futuro,658944,370393,57949,61489,163585,508730,63477,30776,265508,27637,24592,109466,290203,33445,20674,185082,104885,30312,36897,18.5,28.2,26.0,43.3,365,220,68
2019-10-01,1482.0,gc_futuro,604885,322800,53807,58499,163050,466738,60536,25841,219990,29179,27343,109866,262855,30025,23159,173858,102810,24628,31156,18.1,27.7,26.3,42.2,358,205,71
2019-10-08,1497.2,gc_futuro,616957,334383,58820,53301,167755,478697,61518,26139,231976,31475,24922,112484,269184,33002,22269,176511,102407,27345,28379,19.0,27.6,27.1,42.0,360,214,69
2019-10-15,1477.6,gc_futuro,607387,319370,66343,57254,167700,455975,63063,27815,213987,38200,26528,117918,260882,26995,22787,168098,105383,28143,30726,20.8,26.6,29.1,42.3,358,197,82
2019-10-22,1481.7,gc_futuro,625528,322917,63785,67189,171329,466686,64093,27868,218317,33879,31364,119656,269747,29482,22191,167457,104600,29906,35825,20.3,25.8,28.7,41.8,357,196,81
2019-10-29,1487.0,gc_futuro,643442,335423,58908,65405,176997,478213,65617,40916,230664,32106,32313,122994,284635,31867,22136,161711,104759,26802,33092,20.4,28.7,29.0,43.6,360,205,75
2019-11-05,1480.8,gc_futuro,690181,344591,64763,98524,181688,498826,65378,28068,233167,35920,65306,126365,303363,37468,17855,157995,111424,28843,33218,19.2,26.4,27.2,40.8,373,202,83
2019-11-12,1452.1,gc_futuro,708463,323189,56123,107486,210067,511535,67721,33319,209432,33991,75298,123638,302535,44455,41974,164545,113757,22132,32188,18.1,24.5,25.9,38.6,342,187,74
2019-11-19,1473.3,gc_futuro,719211,337296,51437,109736,206626,525721,65553,32317,221795,26596,79090,122366,314223,45425,38835,166073,115501,24841,30646,18.5,25.2,26.3,39.4,342,203,55
2019-11-26,1459.8,gc_futuro,669268,325286,53652,93522,191548,497015,58912,25079,218724,24437,54857,121252,305723,46189,24107,145103,106562,29215,38665,19.4,27.1,27.8,41.2,326,185,60
2019-12-03,1478.2,gc_futuro,701016,346525,55820,93891,203920,526707,56680,24598,232276,24314,65680,122418,316394,56202,25300,154111,114249,31506,28211,18.6,26.5,27.0,40.6,338,205,52
2019-12-10,1462.6,gc_futuro,690003,329169,58249,101409,203374,505657,56051,24688,212929,29281,70568,124100,304205,54075,25199,147377,116240,28968,30841,19.1,26.1,27.7,40.8,333,194,58
2019-12-17,1474.6,gc_futuro,716987,344493,58218,114165,202432,521051,55897,23553,228616,26895,76927,123907,309183,54010,24515,157858,115877,31323,37238,18.5,26.2,26.5,40.6,354,210,62
2019-12-24,1499.1,gc_futuro,748737,364310,58658,122022,203204,543600,59201,24457,245366,26520,83946,122413,325661,53848,26943,164091,118944,32138,38076,17.9,26.5,25.3,40.3,369,226,60
2019-12-31,1519.5,gc_futuro,786166,381620,53695,140611,202925,569416,61010,22444,258357,25625,90320,124486,344870,53009,25430,171537,123263,28070,50291,17.4,25.7,24.3,39.7,369,233,51
2020-01-07,1571.8,gc_futuro,785857,383480,61189,139363,202452,558533,60562,26772,261083,31326,89773,124087,336420,54750,23615,167363,122397,29863,49590,17.8,24.3,24.6,38.8,392,236,70
2020-01-14,1542.4,gc_futuro,796883,376809,57574,137119,221358,571177,61597,31013,262402,31943,93919,125556,334235,55624,40178,181318,114407,25631,43200,17.8,23.5,24.7,37.8,378,224,66
2020-01-21,1556.4,gc_futuro,793829,374793,57098,141474,212445,564348,65117,30909,258269,34437,92165,121988,331304,47812,42645,185232,116524,22661,49309,17.8,23.9,24.7,38.2,395,233,70
2020-01-28,1569.2,gc_futuro,715539,376401,46309,86056,192300,553114,60782,30060,254259,34321,48947,119308,341159,50505,22487,161450,122142,11988,37109,19.9,26.5,27.6,42.6,376,228,56
2020-02-04,1550.4,gc_futuro,654572,355909,56103,61212,176786,508473,60665,28784,223762,42152,28905,119930,312983,40387,16469,155103,132147,13951,32307,20.3,28.1,27.4,44.2,381,227,66
2020-02-11,1565.6,gc_futuro,658024,356535,48561,59263,181629,519420,60597,30780,231499,35828,28061,120850,316888,43770,17009,158762,125036,12733,31202,20.1,28.9,27.5,44.6,383,232,68
2020-02-18,1600.0,gc_futuro,715317,408349,54700,66606,175519,561131,64843,32880,278286,39740,29631,113558,340089,44831,17130,176211,130063,14960,36975,19.0,29.0,25.9,44.9,404,259,58
2020-02-25,1646.9,gc_futuro,732917,389339,53474,90728,176619,552240,76231,36475,263218,32372,42345,111284,323250,44650,20685,184340,126121,21102,48383,17.7,28.6,24.0,42.7,397,241,63
2020-03-03,1642.1,gc_futuro,691985,366173,46440,85359,178134,529145,62319,31041,242921,27560,43122,109639,300310,50014,18481,178821,123252,18880,42237,17.7,28.7,24.0,42.3,368,224,57
2020-03-10,1659.1,gc_futuro,633470,336290,36759,54064,182948,511252,60168,31395,220642,10457,28414,114320,301829,38181,30447,171242,115648,26302,25650,19.1,31.5,26.4,46.6,371,201,77
2020-03-17,1524.9,gc_futuro,573925,317405,35489,50438,154761,456470,51321,31528,164979,10900,24653,95537,263868,30908,28316,161694,152426,24589,25785,21.5,34.0,29.4,48.4,330,180,73
2020-03-24,1660.2,gc_futuro,547334,317928,29562,43879,135711,447534,49816,26359,158965,1556,21309,92974,270015,19884,22853,157635,158963,28006,22570,23.4,37.1,32.7,52.9,329,192,60
2020-03-31,1583.4,gc_futuro,495652,287529,28680,32344,128083,412042,47696,22586,156820,4222,13727,81549,253299,20875,25659,137868,130709,24458,18617,21.7,37.3,31.7,53.6,317,183,55
2020-04-07,1664.8,gc_futuro,480050,279880,30938,29821,118885,394496,51464,24795,157005,4523,13524,80746,246424,18382,19757,129690,122875,26415,16297,19.3,37.7,29.3,54.4,327,192,59
2020-04-14,1756.7,gc_futuro,489965,286617,34116,33338,116839,397247,53171,25264,162412,7168,16081,78256,250413,19168,19415,127666,124205,26948,17257,18.6,37.1,27.8,53.5,339,195,66
2020-04-21,1678.2,gc_futuro,493158,282263,32692,40929,116808,396881,53158,22656,155492,9221,22148,76849,248469,21453,18506,126959,126771,23471,18781,18.0,36.6,26.9,51.9,342,199,60
2020-04-28,1710.5,gc_futuro,500816,287382,24653,44448,114902,408531,54084,23184,154025,7619,26128,74946,255649,22002,17954,130880,133357,17034,18320,17.0,36.5,25.5,52.5,342,203,54
2020-05-05,1704.4,gc_futuro,490343,275571,25567,40010,120045,401681,54717,23085,142326,9085,26395,76763,249805,25448,17834,126428,133245,16482,13615,15.6,36.5,24.7,51.9,337,203,50
2020-05-12,1704.4,gc_futuro,496739,277771,34943,35158,126023,404556,57787,22082,144015,21798,20164,78459,251816,25475,22089,127265,133756,13145,14994,15.5,35.1,24.6,49.6,333,204,45
2020-05-19,1744.2,gc_futuro,528205,295394,43606,39245,133715,423889,59851,21465,153961,26897,21376,79365,262229,32471,21879,129189,141433,16709,17869,14.4,32.6,22.9,47.2,365,220,60
2020-05-26,1704.8,gc_futuro,519374,288148,50234,39951,131977,406299,59298,22890,145566,32485,24161,77107,262963,37887,16983,105449,142582,17749,15790,15.2,28.7,23.6,43.1,351,207,61
2020-06-02,1725.2,gc_futuro,475745,272196,53162,37007,108654,365277,57888,20299,133655,33300,21159,75127,249887,15977,17550,99413,138541,19862,15848,17.1,28.2,26.7,43.6,343,202,60
2020-06-09,1714.7,gc_futuro,475661,263972,55359,46644,110115,353572,54930,20086,126407,35230,24518,76023,236589,15803,18289,101180,137565,20129,22126,17.1,28.3,26.7,43.0,338,196,64
2020-06-16,1729.6,gc_futuro,489563,277395,53047,46087,110922,368942,55159,21487,135945,31257,22596,76758,247201,16403,17761,105338,141450,21790,23491,16.9,28.0,26.5,43.1,343,202,63
2020-06-23,1772.1,gc_futuro,532101,308459,56502,47555,114410,401702,61677,26342,161593,32078,22872,74444,267566,22195,17771,111941,146866,24424,24683,17.2,27.2,26.1,42.3,367,225,60
2020-06-30,1793.0,gc_futuro,561628,328942,62272,53868,116697,418160,62121,27328,173526,34971,25341,75447,281487,21452,19798,115221,155416,27301,28527,18.4,27.2,27.0,41.8,373,222,68
2020-07-07,1804.2,gc_futuro,572776,337030,69672,54030,118424,421016,63292,28058,179810,40467,26539,72947,283186,25125,20352,112705,157220,29205,27491,18.6,26.4,26.8,40.7,374,227,66
2020-07-14,1810.6,gc_futuro,580175,330205,67777,59596,125909,427927,64465,24875,177400,42427,28953,73071,278837,30306,22532,118784,152805,25350,30643,18.5,25.8,26.4,40.0,383,227,65
2020-07-21,1842.4,gc_futuro,603138,334237,67801,71987,129690,433549,67224,29801,181256,40987,37869,71634,275235,35011,23045,123303,152981,26814,34118,18.4,24.2,25.9,38.1,389,230,67
2020-07-28,1944.7,gc_futuro,598629,312588,75787,80837,139803,418180,65401,23825,159894,42758,48772,74894,262796,44415,20494,110969,152694,33029,32065,16.1,22.4,23.0,35.1,380,220,69
2020-08-04,2001.2,gc_futuro,561837,321847,83101,53454,119109,395454,67427,29828,165357,51885,24621,79645,258400,20306,19158,116748,156490,31216,28833,17.3,24.1,25.2,37.5,381,223,70
2020-08-11,1932.6,gc_futuro,553345,306867,82814,55281,123125,391456,68072,23794,155418,57726,25020,81712,256396,21294,20119,113766,151449,25088,30261,18.1,24.8,26.1,38.6,376,221,72
2020-08-18,1999.4,gc_futuro,544010,302369,78851,51177,123511,391282,66953,22700,151016,55578,23603,82563,259342,21529,19419,110411,151353,23273,27574,18.5,25.8,26.7,41.4,363,212,63
2020-08-25,1911.8,gc_futuro,549282,301559,80521,53072,128266,394711,66385,20978,145055,58206,24833,83785,257171,22936,21545,114604,156504,22315,28239,18.4,26.4,26.9,41.8,366,211,67
2020-09-01,1968.2,gc_futuro,547704,306118,75322,50981,121254,398660,69351,22741,147175,49433,23543,80332,259878,23035,17887,115747,158943,25889,27438,18.2,27.2,27.3,41.6,358,218,57
2020-09-08,1933.0,gc_futuro,557457,313173,76700,54949,122050,403090,67285,22718,155528,51236,23207,79781,259644,24503,17766,118943,157645,25464,31742,18.0,27.1,27.1,41.0,366,218,65
2020-09-15,1956.3,gc_futuro,578925,324512,83535,59586,126290,411476,68537,24328,166571,55473,26898,81024,264269,25585,19681,121622,157941,28062,32688,17.2,26.6,26.3,40.0,379,229,68
2020-09-22,1898.6,gc_futuro,575877,309015,89955,59292,137900,404308,69670,22322,144670,63222,28603,83669,257040,33497,20734,113771,164345,26733,30689,16.7,25.3,26.0,38.8,379,218,72
2020-09-29,1894.3,gc_futuro,562396,316106,72447,48077,133657,419835,64556,22037,140320,45948,28535,80681,270017,34881,18095,114937,175786,26499,19542,17.3,27.9,26.2,43.1,370,224,59
2020-10-06,1901.1,gc_futuro,555555,320922,72335,43710,124401,412869,66522,26641,139350,44738,24956,80604,271686,26707,17090,114476,181572,27597,18754,17.7,28.5,26.9,42.9,365,218,60
2020-10-13,1888.5,gc_futuro,553197,326986,86315,42010,116429,401084,67772,23788,138169,56388,22261,80511,264652,20281,15637,116151,188817,29927,19749,17.8,29.3,27.2,43.1,374,221,67
2020-10-20,1910.4,gc_futuro,562993,340206,90602,39875,116918,411042,65994,21474,149108,58543,19728,80534,273050,20078,16306,117914,191098,32059,20147,17.7,28.8,26.8,43.4,371,220,62
2020-10-27,1908.8,gc_futuro,560900,326063,77429,49849,114210,410672,70778,22950,149140,47265,22105,78297,280691,19028,16885,110953,176923,30164,27744,17.5,27.7,26.1,42.5,360,215,59
2020-11-03,1908.5,gc_futuro,544774,321798,78889,47471,108679,398017,66826,20397,140094,49399,20953,76841,273541,16416,15422,108060,181704,29490,26518,18.0,28.2,26.9,43.7,350,207,60
2020-11-10,1875.4,gc_futuro,547449,318516,78780,53544,111142,394565,64247,20560,130105,50322,24159,75840,266407,19316,15986,108842,188411,28458,29385,17.8,27.8,26.8,43.5,362,213,67
2020-11-17,1884.5,gc_futuro,557533,329698,78428,56853,106681,401253,64301,20999,139550,49103,23555,74682,271755,15984,16015,113514,190148,29325,33298,17.8,28.8,26.7,44.4,355,211,58
2020-11-24,1804.8,gc_futuro,555253,320324,76422,60914,108625,393454,65390,24463,137503,52155,28948,74823,264001,17377,16425,112076,182821,24267,31966,18.2,28.9,27.3,44.9,331,190,60
2020-12-01,1814.1,gc_futuro,538042,324344,64030,48151,110108,403371,55439,22490,134446,48903,23399,73475,265813,18129,18504,119429,189898,15127,24752,19.3,30.5,28.9,48.9,330,201,50
2020-12-08,1870.8,gc_futuro,549520,338271,69051,51481,104016,404739,55752,24249,147844,49033,27295,71031,268881,17618,15367,118240,190427,20018,24186,19.0,30.7,28.2,48.8,327,196,56
2020-12-15,1852.3,gc_futuro,550366,340610,69026,50941,101736,408078,57079,22321,151901,50022,26853,69353,271593,18191,14192,118294,188709,19004,24088,18.8,30.5,28.0,48.4,327,199,52
2020-12-21,1879.2,gc_futuro,560769,349870,71674,52816,99303,414402,58780,21877,158194,50070,28078,68376,275734,18291,12636,120377,191676,21604,24738,18.3,30.3,27.2,49.0,339,207,53
2020-12-29,1879.7,gc_futuro,556414,341812,72940,54593,101283,408537,58726,20344,159673,50678,29447,69183,270953,19773,12327,117811,182139,22262,25146,18.3,29.9,26.8,48.8,335,209,49
2021-01-05,1952.7,gc_futuro,568888,349946,70628,59807,97405,418328,61730,20125,167096,50527,32294,66849,282312,17249,13307,118767,182850,20101,27513,18.0,29.5,25.9,49.2,350,226,42
2021-01-12,1842.9,gc_futuro,555538,313217,66990,73535,105980,396281,62806,18732,131057,52823,37857,67748,259315,23022,15210,113944,182160,14167,35678,18.4,29.5,26.8,46.7,343,209,54
2021-01-19,1839.5,gc_futuro,541330,307507,60869,73648,99444,386911,60731,19902,127161,49090,50044,67123,253695,18844,13477,114372,180346,11779,23604,18.9,30.4,27.4,47.1,332,203,49
2021-01-26,1850.7,gc_futuro,534574,313532,55986,65184,94890,393838,60968,19566,142815,46416,38435,66964,263177,17648,10278,113013,170717,9570,26749,19.0,30.8,27.8,48.2,326,202,45
2021-02-02,1830.5,gc_futuro,520011,314352,57226,56076,90132,388089,59451,18620,137062,49284,39241,64507,258337,14865,10760,114887,177290,7942,16835,19.6,32.6,28.7,48.5,323,195,45
2021-02-09,1835.3,gc_futuro,506741,309326,57919,51574,87800,379995,58041,17253,134733,47093,37196,63984,253183,14326,9490,112486,174593,10826,14378,20.2,33.4,29.5,48.7,329,200,47
2021-02-16,1797.2,gc_futuro,503016,303583,68614,49141,91152,366230,59140,19031,125997,58041,34413,64698,239943,14887,11567,111400,177586,10573,14728,20.5,33.0,30.1,47.4,339,190,62
2021-02-23,1804.4,gc_futuro,481125,284081,68348,49235,92086,343815,55723,19727,125124,56001,35977,64009,222668,17419,10658,103728,158957,12347,13258,21.2,31.5,30.8,45.4,313,181,53
2021-03-02,1733.1,gc_futuro,467008,265533,75895,53221,94844,317047,53410,20845,106608,60648,37077,63300,198608,19519,12025,98920,158925,15247,16144,21.2,31.5,30.5,43.9,329,180,68
2021-03-09,1716.6,gc_futuro,473871,254839,79676,59860,104656,312536,54516,21799,96223,66793,30316,63924,190125,26153,14579,96258,158616,12883,29544,20.3,30.4,29.5,41.9,326,174,69
2021-03-16,1730.6,gc_futuro,476467,256237,76041,54258,115396,324871,50576,21297,100669,59548,34231,64465,194866,35779,15152,94226,155568,16493,20027,19.8,30.8,28.9,41.5,331,186,66
2021-03-23,1724.7,gc_futuro,485457,262774,88707,55845,116781,318584,50057,22321,107941,64420,31391,63078,187308,38233,15470,93043,154833,24287,24454,20.5,29.8,29.2,40.7,326,178,69
2021-03-30,1683.9,gc_futuro,467321,263453,95925,42816,112072,305798,48980,22782,113009,69936,27280,63726,184564,31905,16441,89329,150444,25989,15536,20.5,31.6,29.2,43.0,318,172,71
2021-04-06,1741.5,gc_futuro,463353,275703,86194,43153,98196,312995,46301,21011,121563,55091,26229,65739,201927,20541,11916,90527,154140,31103,16924,21.1,32.8,30.6,46.3,323,179,67
2021-04-13,1746.2,gc_futuro,460733,269513,88639,42820,100227,309015,48173,20259,112070,58263,24810,67517,201253,21125,11585,86637,157443,30376,18010,22.2,32.8,31.7,46.2,329,183,69
2021-04-20,1777.3,gc_futuro,471738,275985,94487,44475,100905,314098,50373,18678,116843,60419,25335,67853,205281,21297,11755,87520,159142,34068,19140,22.6,32.5,31.9,45.5,329,187,60
2021-04-27,1778.0,gc_futuro,473305,270717,100098,44657,103732,310909,54199,17641,117144,66493,25430,69531,204982,22659,11542,83268,153573,33605,19227,20.9,31.6,30.3,44.5,322,181,62
2021-05-04,1775.8,gc_futuro,470341,270194,99453,45060,103961,305884,51126,19944,117434,63809,25208,68469,203149,24449,11043,78286,152760,35644,19852,19.1,30.9,28.3,43.6,320,184,60
2021-05-11,1835.9,gc_futuro,498693,282161,89906,50381,111751,338835,54400,19571,131295,49680,27128,67146,223439,28246,16359,87150,150866,40226,23253,17.4,30.4,26.2,43.4,330,200,55
2021-05-18,1867.8,gc_futuro,520410,290267,91378,53158,121839,354740,55146,21134,141776,49786,27418,67198,234935,35672,18969,84133,148491,41592,25740,16.5,29.1,24.6,42.4,353,213,54
2021-05-25,1898.1,gc_futuro,510164,288266,73624,51363,111024,361893,59511,23284,143862,36607,29878,68215,240624,30283,12526,90986,144404,37017,21485,16.8,28.5,24.5,42.4,347,208,56
2021-06-01,1902.9,gc_futuro,489198,288826,75125,44080,102986,351161,53306,18832,147270,37297,28107,64564,242936,27405,11017,80820,141556,37828,15973,17.4,28.3,25.2,43.3,340,202,58
2021-06-08,1892.2,gc_futuro,491858,288781,79394,45752,103496,348302,53829,18410,145037,37373,26830,63894,243644,25774,13828,78884,143744,42021,18922,17.5,28.6,25.3,43.7,334,190,64
2021-06-15,1854.5,gc_futuro,480127,273947,81911,43537,106323,337549,56320,17130,138546,41754,25408,65057,232142,26061,15205,79346,135401,40157,18129,18.1,28.7,26.0,43.7,334,190,64
2021-06-22,1776.3,gc_futuro,453940,253153,86939,41805,105830,308212,53152,16984,110038,47502,25441,66653,212825,24697,14480,70690,143115,39437,16364,18.8,30.6,27.2,45.6,319,176,65
2021-06-29,1762.8,gc_futuro,453360,254206,91980,40708,107398,302518,51048,18154,115438,54056,23930,67200,207865,25681,14517,68972,138768,37924,16778,18.7,30.3,27.2,45.3,309,171,60
2021-07-06,1793.5,gc_futuro,465811,270545,87724,37663,107675,322401,49928,18023,131218,53258,21212,66765,220641,26752,14158,75008,139327,34466,16451,18.5,30.5,27.4,45.4,314,186,55
2021-07-13,1809.4,gc_futuro,495798,275543,84707,57737,112439,333467,50079,19887,135938,49647,22119,66111,225970,31571,14757,75926,139605,35060,35618,17.2,28.7,25.2,42.8,318,189,51
2021-07-20,1810.9,gc_futuro,490520,277312,81340,40467,123541,352089,49200,16624,135163,44735,20020,67561,232279,41613,14367,78197,142149,36605,20447,17.6,29.5,25.7,43.6,319,191,50
2021-07-27,1799.5,gc_futuro,500187,273688,74300,61921,116498,345312,48080,18654,131635,41405,44240,67644,240172,34980,13874,70160,142053,32895,17681,16.7,29.7,24.9,43.3,312,191,45
2021-08-03,1810.1,gc_futuro,485663,273143,76808,39580,121349,352633,51591,16642,132920,43047,20460,73284,248169,30638,17427,73826,140223,33761,19120,17.1,31.4,25.5,47.0,308,192,41
2021-08-10,1728.8,gc_futuro,477232,277260,108854,27767,124720,320361,47485,20250,111892,76489,13028,72207,220217,37169,15344,62975,165368,32365,14739,19.6,30.3,29.3,46.3,310,171,65
2021-08-17,1785.0,gc_futuro,485485,284437,92895,33432,123301,337301,44315,21857,117272,58194,15999,73900,236064,34852,14549,66385,167165,34701,17433,21.6,30.6,31.3,46.1,306,169,64
2021-08-24,1805.6,gc_futuro,504735,299084,88431,38033,123101,357779,44517,20492,126636,51192,18282,73832,253344,34864,14405,69571,172448,37239,19751,22.5,30.5,31.7,46.0,311,179,58
2021-08-31,1815.0,gc_futuro,507113,311004,94454,32699,119896,360408,43514,19552,136555,54878,16704,72573,260344,33743,13580,66321,174449,39576,15995,24.0,30.5,33.2,46.5,316,176,62
2021-09-07,1795.9,gc_futuro,506772,306017,99978,31635,119906,355714,49214,19445,129044,61449,15967,72865,256098,32818,14223,66798,176973,38529,15668,23.9,30.1,33.1,46.7,311,172,62
2021-09-14,1804.7,gc_futuro,506356,306988,99228,33119,119152,353403,47097,20606,130837,59615,17532,72791,253005,33212,13149,67186,176151,39613,15587,23.7,30.4,33.1,47.0,306,172,62
2021-09-21,1776.0,gc_futuro,492765,296670,109023,31152,119307,331951,45636,20639,119777,72933,15992,72105,237936,32113,15089,61902,176893,36090,15160,24.1,30.4,33.8,46.4,302,151,74
2021-09-28,1735.8,gc_futuro,490858,293814,125415,28150,124073,314224,44821,23069,118923,88062,15651,72672,220963,32941,18460,60320,174891,37353,12499,23.8,28.7,33.5,44.6,303,149,79
2021-10-05,1759.6,gc_futuro,483789,295939,113357,29604,114229,317931,44017,22897,126745,72579,14011,77225,238119,22137,14867,57675,169194,40778,15593,24.1,30.0,34.0,46.7,305,163,68
2021-10-12,1758.3,gc_futuro,484382,298503,112964,31363,110697,318311,43819,21744,131668,73149,15031,77500,237274,18938,14259,62099,166835,39815,16332,24.0,30.0,34.1,46.8,319,164,77
2021-10-19,1769.7,gc_futuro,485974,299882,106533,32770,107128,326318,46194,20353,124560,66761,14554,76694,245232,17960,12474,63126,175322,39772,18216,24.1,29.7,34.1,46.9,314,170,69
2021-10-26,1792.7,gc_futuro,509794,313646,99086,45018,103423,343077,47707,22613,141280,54918,23815,72885,261444,17033,13505,64600,172366,44168,21203,23.0,28.2,32.8,45.4,327,182,68
2021-11-02,1788.7,gc_futuro,507616,311091,95962,49897,100692,340569,45936,21188,136944,51705,33020,71365,258921,15341,13986,66307,174147,44257,16877,23.7,27.6,33.3,45.3,323,179,69
2021-11-09,1830.2,gc_futuro,571025,341111,90930,74623,105197,380686,50094,24786,168133,42523,41247,68244,284933,19541,17412,76212,172978,48407,33376,21.0,26.2,29.9,42.3,338,193,67
2021-11-16,1853.6,gc_futuro,612612,360529,100749,74271,125758,413297,52054,24295,185468,43083,48971,68512,287857,39248,17998,86192,175061,57666,25300,20.0,25.6,28.6,40.7,360,206,70
2021-11-23,1783.5,gc_futuro,559823,326409,91998,57007,121027,388861,55380,21957,152273,46934,31273,67987,267295,38718,14322,82848,174136,45064,25734,21.4,27.3,29.9,44.1,317,188,53
2021-11-30,1773.6,gc_futuro,531868,310253,84393,50396,119562,378165,51657,18914,137469,45384,32991,70183,274963,35795,13584,67407,172784,39009,17405,22.6,27.1,31.3,45.5,302,178,51
2021-12-07,1782.6,gc_futuro,499307,300518,83333,47489,103942,349565,47358,18920,125067,44326,32682,76290,267766,15939,11713,65860,175451,39007,14807,24.6,28.1,33.5,47.6,305,173,54
2021-12-14,1770.4,gc_futuro,503709,298142,95741,49449,107421,338832,48697,19687,121492,58075,31775,76488,256376,19110,11823,63346,176650,37666,17674,24.3,27.0,33.2,46.1,310,170,62
2021-12-21,1787.9,gc_futuro,500846,296628,90817,49970,104997,341026,49251,19033,124120,52372,32774,74493,254729,18811,11693,67486,172508,38445,17196,24.5,27.2,33.3,46.4,308,177,58
2021-12-28,1810.2,gc_futuro,508912,303879,90723,50740,103172,348836,51121,18613,130389,46726,33455,74017,261528,18108,11047,69200,173490,43997,17285,24.1,27.0,32.7,45.9,306,179,54
2022-01-04,1814.0,gc_futuro,502717,296583,85228,56476,104258,341716,45400,19297,124252,44744,37276,74428,258411,18256,11574,65049,172331,40484,19200,23.5,26.3,32.2,45.0,318,173,66
2022-01-11,1818.6,gc_futuro,546516,290102,90365,91799,116292,341365,48323,22987,119297,44987,50002,81976,256343,19312,15004,65710,170805,45378,41797,21.0,24.3,29.6,41.2,327,180,71
2022-01-18,1812.3,gc_futuro,539204,290528,96321,68934,132764,353832,46978,20117,119807,48014,39932,87223,257329,26353,19188,70150,170721,48307,29002,21.1,24.9,30.0,41.6,326,176,73
2022-01-25,1852.7,gc_futuro,572078,313415,93264,77786,130208,379954,50669,21074,140640,39265,48912,86207,270183,30507,13494,79264,172775,53999,28874,19.8,26.4,28.0,41.6,334,189,69
2022-02-01,1800.3,gc_futuro,515331,275994,103852,64885,127633,328975,46819,17619,108309,58395,42396,95639,244648,18700,13294,65627,167685,45457,22489,21.4,27.2,31.4,44.7,322,184,67
2022-02-08,1826.6,gc_futuro,512842,279559,92853,62086,126328,337762,44869,20141,117234,47767,41506,97101,255044,16574,12653,66144,162325,45086,20580,21.5,27.9,31.3,45.1,314,173,72
2022-02-15,1854.8,gc_futuro,558645,313269,99656,71850,126837,365712,46689,21427,151530,43824,47013,97299,272492,15698,13840,77522,161739,55832,24837,19.8,27.8,28.7,43.4,321,174,72
2022-02-22,1906.1,gc_futuro,611488,350096,106948,82620,129682,399404,49090,22516,183356,44380,55800,97911,296722,17024,14747,85658,166740,62568,26820,18.7,27.6,27.3,41.8,357,197,81
2022-03-01,1942.4,gc_futuro,615600,354177,96555,83926,127231,413040,50266,22079,187215,38594,53992,95700,305695,12842,18689,94503,166962,57961,29934,18.1,29.0,26.5,42.9,348,199,69
2022-03-08,2040.1,gc_futuro,638502,364618,90230,78523,139397,446343,55964,23406,181510,38537,38554,100587,331456,15074,23736,99813,183108,51693,39969,18.1,29.5,26.4,43.7,344,200,62
2022-03-15,1928.5,gc_futuro,617605,346731,84943,65499,151045,448486,54330,18677,165597,39060,31328,96765,326768,27993,26287,93725,181134,45883,34171,18.7,29.9,27.4,45.0,340,210,56
2022-03-22,1920.7,gc_futuro,605191,328660,80628,68051,155039,436634,53441,19878,152589,37457,32756,103016,319698,23137,28886,93799,176071,43171,35295,19.1,29.6,28.3,44.6,327,202,51
2022-03-29,1912.0,gc_futuro,574521,327632,70036,64817,133050,418987,49022,20681,146486,38184,37384,89623,323634,25038,18389,70315,181146,31852,27433,19.1,31.6,27.6,46.8,328,206,45
2022-04-05,1922.9,gc_futuro,560666,324570,79029,59812,124506,403264,51778,18561,148320,46693,32241,87989,314403,17528,18989,71333,176250,32336,27571,18.9,32.1,27.6,48.1,326,202,51
2022-04-12,1972.1,gc_futuro,577639,338164,83877,58584,125627,413720,55264,21458,165244,48219,31725,88326,324690,17029,20272,72001,172920,35658,26859,17.7,31.5,26.3,47.3,351,225,44
2022-04-19,1955.7,gc_futuro,575202,330745,90988,60268,129157,404682,55032,19264,157560,56294,34469,89457,315033,17104,22596,72545,173185,34694,25799,17.6,31.5,26.3,47.4,341,209,51
2022-04-26,1901.4,gc_futuro,557785,310511,92487,68790,127546,376840,50938,19668,138215,57098,36063,90532,295653,14349,22665,66838,172296,35389,32727,17.6,31.5,26.9,47.9,331,205,49
2022-05-03,1868.8,gc_futuro,560441,293439,94271,84937,130795,362647,51270,18586,128828,60981,39883,92223,283894,15141,23431,63612,164611,33290,45054,17.3,29.7,26.4,46.2,332,199,56
2022-05-10,1839.9,gc_futuro,571447,288947,95632,98151,132251,360007,52098,17657,123931,61939,61863,89722,274577,20287,22242,65143,165016,33693,36288,16.7,27.9,25.0,43.6,334,191,62
2022-05-17,1818.2,gc_futuro,555756,283011,107651,84470,137687,344566,50588,19069,115572,72212,48635,89655,258977,23564,24468,62025,167439,35439,35835,17.2,27.0,25.4,43.0,316,189,54
2022-05-24,1865.1,gc_futuro,530098,282202,98389,70121,130364,342311,47411,19277,121174,60117,38533,88932,258869,20248,21184,63194,161028,38272,31588,18.2,27.9,26.8,44.6,317,190,53
2022-05-31,1842.7,gc_futuro,513722,269459,96870,62264,135360,335416,46639,19172,112731,61938,34212,87433,242190,27957,19970,65269,156728,34932,28052,18.2,26.5,27.0,43.4,307,177,59
2022-06-07,1847.5,gc_futuro,494130,270356,95088,62719,116965,316851,44090,19472,115215,57684,34946,83943,239287,16452,16570,61112,155141,37404,27773,18.7,26.5,27.7,43.8,318,184,61
2022-06-14,1809.5,gc_futuro,497456,266596,111998,63208,121926,300495,45726,21755,109111,72206,34898,90077,227591,16929,14920,55975,157485,39792,28310,18.8,24.7,28.4,41.6,321,181,71
2022-06-21,1834.6,gc_futuro,500276,268119,104832,67732,120045,306974,44380,20738,113220,63417,36961,89736,232476,17290,13019,57208,154899,41415,30771,18.7,24.2,28.1,41.3,320,189,64
2022-06-28,1817.5,gc_futuro,497005,268712,111019,66432,117038,299045,44823,20509,110850,74748,38340,88706,226926,14361,13971,57758,157862,36271,28092,19.6,24.6,29.0,41.4,315,177,68
2022-07-05,1761.8,gc_futuro,498210,267806,122146,68182,118289,283874,43933,24008,103472,86438,38833,88196,215291,14689,15404,53894,164334,35708,29349,19.1,24.7,28.3,40.8,329,184,72
2022-07-12,1723.3,gc_futuro,542493,251126,133005,107614,131170,268958,52583,32916,91669,97802,73944,88915,198634,24106,18149,46218,159457,35203,33670,17.3,21.2,26.1,34.9,310,160,78
2022-07-19,1710.0,gc_futuro,524786,241004,146049,88385,152103,264365,43294,25987,91056,109794,67378,91690,178909,38812,21601,46644,149948,36255,21007,16.0,20.1,25.3,33.6,309,162,74
2022-07-26,1717.7,gc_futuro,487515,241661,148971,61026,142007,250429,42821,27089,92216,111309,41752,90911,174168,35039,16057,41222,149445,37662,19274,17.1,21.1,27.1,35.8,303,158,81
2022-08-02,1771.1,gc_futuro,459649,242128,117802,52340,127700,263265,37481,26242,96634,80779,33380,87907,193085,25962,13831,44218,145494,37023,18960,18.1,23.7,27.5,38.9,303,159,80
2022-08-09,1794.0,gc_futuro,453540,242906,100055,50727,121980,276534,37927,26224,100013,59279,36807,83302,201395,25738,12940,49401,142893,40776,13920,18.1,24.7,27.2,40.6,295,151,77
2022-08-16,1773.2,gc_futuro,453960,238196,97032,55372,122566,276275,37826,25281,96765,60392,37551,82580,201765,25708,14278,48802,141431,36640,17821,17.7,24.9,27.0,40.8,297,151,79
2022-08-23,1746.8,gc_futuro,457762,237427,111580,55850,126193,264265,38292,26067,95850,73739,39072,84037,189922,27199,14957,47144,141577,37841,16778,17.5,23.8,26.6,38.7,309,162,80
2022-08-30,1723.2,gc_futuro,459165,235314,117580,58398,126535,256214,38918,26973,91761,79973,39811,86070,184402,25853,14612,45959,143553,37607,18587,17.6,23.3,26.9,37.9,309,156,89
2022-09-06,1700.4,gc_futuro,465908,231527,127670,65900,129683,243747,38798,28591,85842,92804,48627,87940,175944,26179,15564,41624,145685,34866,17273,17.6,21.7,26.7,36.0,318,161,93
2022-09-13,1705.0,gc_futuro,463674,225932,128588,70236,126950,237888,40556,26962,80300,98637,51000,88814,172633,25547,12589,39708,145632,29951,19236,17.5,21.6,26.3,35.8,315,156,95
2022-09-20,1659.7,gc_futuro,469395,214557,148835,72476,141862,217290,40500,30794,78544,115239,50131,96320,154084,29348,16194,33858,136013,33596,22345,17.1,20.2,25.6,33.6,335,160,106
2022-09-27,1626.7,gc_futuro,457061,207154,155073,70221,139361,201499,40325,30268,74171,117265,51269,95632,145147,28348,15381,28004,132983,37808,18952,17.1,19.2,25.4,32.2,329,154,104
2022-10-04,1721.1,gc_futuro,437065,215964,127579,67946,116451,212999,36704,28541,82806,89681,49981,92811,170207,11526,12114,31266,133158,37898,17965,18.4,21.7,27.3,36.3,319,163,91
2022-10-11,1678.7,gc_futuro,431395,212561,118141,68979,112867,216595,36988,27680,78365,83945,50752,89504,170564,11785,11578,34246,134196,34196,18227,18.6,23.0,27.6,37.9,319,161,92
2022-10-18,1649.0,gc_futuro,434701,210890,133934,69452,115073,205103,39286,26212,73344,99042,50402,88947,163412,11775,14351,29916,137546,34892,19050,18.6,22.8,27.2,38.1,315,153,95
2022-10-25,1652.8,gc_futuro,456072,212853,144821,80497,123085,203298,39637,27456,72016,110804,51771,91650,161437,13399,18036,28462,140837,34017,28726,17.7,22.1,26.1,37.1,319,156,91
2022-11-01,1645.0,gc_futuro,467276,216341,151718,86687,125689,200471,38559,28400,78213,119614,58278,94979,160988,13455,17255,26028,138128,32104,28409,17.6,22.3,26.0,36.9,324,164,91
2022-11-08,1712.1,gc_futuro,488471,223135,140797,101104,126187,217331,38045,29239,88059,104405,69205,94889,167447,14560,16738,35324,135076,36392,31899,17.2,21.9,25.3,36.3,330,170,88
2022-11-15,1773.8,gc_futuro,495171,227282,101013,95881,135035,269343,36973,28934,95065,69608,75828,93757,191083,26676,14602,51584,132217,31405,20053,17.1,22.8,25.3,39.5,316,169,72
2022-11-22,1738.3,gc_futuro,449542,214284,98171,61208,133754,263818,40296,26345,92161,72730,45262,96891,186561,22730,14133,54527,122123,25441,15946,19.0,26.2,28.4,44.6,281,149,65
2022-11-29,1748.4,gc_futuro,433661,209161,99158,56370,134184,253417,33946,24716,88032,73312,41705,98970,181577,23056,12158,48784,121129,25846,14665,19.6,27.4,29.6,46.2,274,144,68
2022-12-06,1769.3,gc_futuro,422100,211472,96347,55265,117578,247657,37785,22831,93629,70142,40897,92319,184445,13547,11712,49665,117843,26205,14368,20.5,29.2,30.2,48.7,283,151,70
2022-12-13,1813.9,gc_futuro,437040,224409,98760,55414,119908,258437,37309,24429,103737,66288,39850,94229,195915,11921,13758,50601,120672,32472,15564,19.7,28.5,29.1,46.6,297,165,67
2022-12-20,1815.9,gc_futuro,436653,226136,97288,55356,116465,258979,38696,25030,104813,65718,41330,92184,197001,10421,13860,51557,121323,31570,14026,19.7,29.5,29.1,47.9,286,158,62
2022-12-27,1814.8,gc_futuro,440040,229525,92645,54347,116744,270520,39424,22528,106983,56106,43511,91331,202715,11463,13950,56342,122542,36539,10836,19.5,28.9,28.7,47.2,284,156,62
2023-01-03,1839.7,gc_futuro,449393,230801,89135,62735,113520,273494,42337,24029,109140,54559,46277,90625,206697,9678,13217,57119,121661,34576,16458,19.1,29.0,28.3,47.0,293,164,63
2023-01-10,1871.6,gc_futuro,481519,243566,93031,79862,111718,284196,46373,24430,116604,54795,51130,88381,212156,11094,12243,60946,126962,38236,28732,17.9,27.1,26.5,43.8,305,177,64
2023-01-17,1907.2,gc_futuro,491818,246874,93634,74002,122814,298727,48128,25455,124222,54845,56137,90498,222476,17462,14854,58789,122652,38789,17865,16.5,27.3,25.4,43.3,310,174,60
2023-01-24,1933.9,gc_futuro,499927,253311,95638,71317,127419,307973,47880,24999,131501,51622,50144,92041,230986,22673,12705,54314,121810,44016,21173,15.1,28.1,24.5,43.6,315,181,63
2023-01-31,1929.5,gc_futuro,471642,256417,96136,51094,120147,300667,43984,23745,138125,53678,36652,88758,232458,16434,14955,51775,118292,42458,14442,15.4,28.4,25.0,44.8,302,172,56
2023-02-07,1871.7,gc_futuro,439755,223298,94483,49579,118802,271768,48076,23925,115521,55945,35692,90840,212824,12711,15251,46233,107777,38538,13887,16.6,31.0,25.9,46.8,293,167,55
2023-02-14,1854.0,gc_futuro,426116,210374,104845,49486,120812,249884,45444,21901,106106,64933,35047,92860,192039,15727,12225,42118,104268,39912,14439,16.7,31.2,26.2,46.9,295,162,64
2023-02-21,1833.0,gc_futuro,422648,210185,103084,49467,119040,248395,43956,21702,104710,68004,37183,91556,191128,16788,10696,40479,105475,35080,12284,16.9,31.9,26.4,47.7,291,161,61
2023-02-28,1828.9,gc_futuro,426890,208419,99826,53122,123391,250878,41958,23064,99425,72850,39934,93853,192117,16766,12772,41995,108994,26976,13188,17.2,32.3,27.2,48.2,285,159,58
2023-03-07,1813.9,gc_futuro,458474,215574,117100,73866,125394,244314,43640,23194,103439,89040,45179,95312,184633,18465,11617,41216,112135,28060,28687,16.4,29.8,26.3,44.2,303,164,69
2023-03-14,1906.2,gc_futuro,459064,230823,90492,63989,122457,277897,41795,26686,118560,58839,44131,100461,219834,10394,11602,47669,112263,31653,19858,16.1,31.1,25.5,45.7,310,179,58
2023-03-21,1938.0,gc_futuro,469874,237891,79286,62681,121678,305246,47624,22661,125090,43861,45007,94971,237253,12205,14502,55788,112801,35425,17674,16.5,31.7,25.7,44.5,304,170,63
2023-03-28,1972.4,gc_futuro,478611,245135,63505,54302,131786,333294,47388,27510,130530,31370,42643,93156,250335,22921,15709,60038,114605,32135,11659,16.0,32.9,24.9,45.4,302,176,55
2023-04-04,2022.2,gc_futuro,476592,266164,70948,44819,116869,335119,48740,25706,142348,32217,31693,93463,275774,7643,15763,51702,123816,38731,13126,15.6,34.7,24.4,46.8,334,195,64
2023-04-11,2004.8,gc_futuro,476567,260165,67420,47590,119710,336258,49102,25299,135015,30409,32439,95817,277432,7377,16516,51449,125150,37011,15151,15.5,36.3,24.5,48.8,329,190,66
2023-04-18,2007.4,gc_futuro,482254,260061,70168,48050,123496,339921,50647,24115,137170,34474,31046,97059,279540,9090,17347,51291,122891,35694,17004,15.4,36.5,24.2,48.8,319,176,72
2023-04-25,1994.0,gc_futuro,473209,253186,67922,44457,124518,336446,51048,24384,135979,33176,27707,97156,274064,9819,17543,52563,117207,34746,16750,15.7,36.8,24.5,49.2,315,178,68
2023-05-02,2014.3,gc_futuro,493804,262413,66846,56438,127451,345035,47502,25485,143191,29401,31850,98325,280378,10364,18762,54293,119222,37445,24588,15.5,35.7,24.1,47.4,332,189,72
2023-05-09,2036.2,gc_futuro,518951,266472,70658,69482,130985,353500,52012,25311,143463,32477,47158,99775,285522,12960,18250,55018,123009,38181,22324,15.2,34.5,23.4,45.7,337,188,78
2023-05-16,1988.4,gc_futuro,521832,255250,75436,73408,138322,349879,54852,23109,139786,35803,45017,99973,277316,20201,18148,52362,115464,39633,28391,15.1,34.1,23.1,45.0,330,176,76
2023-05-23,1972.4,gc_futuro,479080,236149,75417,50620,142984,330007,49327,23036,128550,35411,27579,99737,260335,24812,18435,44860,107599,40006,23041,16.3,35.8,25.6,47.4,316,172,68
2023-05-30,1958.0,gc_futuro,449515,237306,67990,35269,133329,323334,43611,22922,122904,36201,24902,93334,251967,27599,12396,43768,114402,31789,10367,17.3,38.8,25.9,51.2,303,158,64
2023-06-06,1965.5,gc_futuro,436301,237467,61826,34876,116363,314550,47595,25049,120985,27557,26495,91274,259683,11229,13860,43638,116482,34269,8381,17.6,40.5,26.8,53.4,296,156,69
2023-06-13,1944.6,gc_futuro,432898,227317,67108,36167,120461,306523,48953,23100,110512,35869,27364,93585,252488,12651,14225,41384,116805,31239,8803,17.5,39.7,27.1,53.3,298,154,69
2023-06-20,1935.5,gc_futuro,438037,229308,66333,39908,121419,307956,47402,23840,110314,34275,30457,94588,254246,13168,13663,40542,118994,32058,9451,17.3,39.1,26.8,52.6,308,158,72
2023-06-27,1914.0,gc_futuro,431861,220881,68971,43884,119054,294389,48042,24617,108209,38534,31279,95100,244202,12561,11393,37626,112672,30437,12605,17.7,38.5,27.5,52.2,286,153,66
2023-07-03,1921.7,gc_futuro,448063,235081,71984,52587,114905,299622,45490,23870,123017,39869,32723,90454,247746,10485,13966,41391,112064,32115,19864,16.8,36.5,26.0,49.7,289,152,67
2023-07-11,1931.3,gc_futuro,483170,240546,74792,81216,114790,302539,46618,24623,124394,41951,41464,89493,248168,12235,13062,42136,116152,32841,39752,15.5,33.8,24.1,46.4,299,168,59
2023-07-18,1977.2,gc_futuro,482104,263740,70392,57082,115498,329213,45784,25417,147644,32326,33429,84927,259368,16290,14281,53555,116096,38066,23653,15.6,35.6,24.0,47.7,310,179,60
2023-07-25,1962.1,gc_futuro,476176,248229,74590,55156,125491,323701,47300,22729,132603,37316,35498,86053,245319,22986,16452,55396,115626,37274,19658,15.9,34.8,24.1,46.4,314,168,72
2023-08-01,1940.7,gc_futuro,439383,238985,74061,39534,117610,304455,43254,21333,123802,43793,30029,88352,244985,12924,16334,46546,115183,30268,9505,16.6,36.1,25.2,48.9,304,165,67
2023-08-08,1924.1,gc_futuro,427759,228846,85861,40027,113890,281444,44996,20427,114585,55979,29953,88184,229288,10295,15411,41861,114261,29882,10074,16.8,35.4,25.3,48.9,296,156,66
2023-08-15,1902.5,gc_futuro,433611,233078,111942,40134,116062,257992,44337,23543,113146,83610,30928,86688,207088,11512,17862,39392,119932,28332,9206,16.7,31.6,25.7,45.6,302,161,73
2023-08-22,1896.4,gc_futuro,430239,226340,124394,40941,117646,238682,45312,26222,105085,95976,32173,87166,190600,12142,18338,35940,121255,28418,8768,16.3,29.7,25.3,44.9,308,165,72
2023-08-29,1936.5,gc_futuro,442806,236054,112782,44853,118132,258726,43767,26445,120609,81367,33536,83759,203886,13809,20564,41031,115445,31415,11317,16.4,30.5,25.9,45.7,300,170,58
2023-09-05,1926.2,gc_futuro,438672,235802,97796,45448,111456,269695,45966,25733,120222,69857,33104,81715,215580,11747,17994,42368,115580,27939,12344,16.7,32.2,26.8,47.9,304,163,69
2023-09-12,1911.3,gc_futuro,441221,235704,111840,45715,113062,257872,46740,25794,117737,83166,34102,83274,205736,12427,17361,39709,117967,28674,11613,16.1,30.7,26.1,47.3,302,163,70
2023-09-19,1932.0,gc_futuro,438078,237716,102553,46427,110014,262946,43921,26152,121172,73782,35725,82606,210250,12103,15305,40593,116544,28771,10702,16.5,31.1,26.7,48.1,291,158,66
2023-09-26,1900.4,gc_futuro,435620,235560,119745,44003,110844,245680,45213,26192,114668,91230,35282,88126,196295,9566,13152,39819,120892,28515,8721,16.4,31.4,25.9,48.1,310,166,80
2023-10-03,1824.6,gc_futuro,431226,228406,137180,46898,110666,222648,45256,24500,100500,108061,32940,85747,175533,8305,16614,38810,127906,29119,13958,15.6,29.4,24.4,45.9,317,162,82
2023-10-10,1861.0,gc_futuro,436499,220332,148899,50356,121341,211769,44470,25475,93934,120701,34940,91619,163620,10712,19010,37437,126398,28198,15416,15.6,27.5,24.3,43.1,304,157,76
2023-10-17,1922.7,gc_futuro,439581,231412,118674,57244,110062,238061,40863,25602,104708,89605,39547,84592,182625,13733,11737,41703,126704,29069,17697,15.3,29.1,24.8,44.8,308,166,68
2023-10-24,1975.0,gc_futuro,463476,251469,102084,63698,106180,272053,42129,25641,122456,66708,41442,81233,206961,14305,10642,50787,129013,35376,22256,15.1,29.8,24.2,44.2,316,168,72
2023-10-31,1985.2,gc_futuro,475808,261053,97628,63992,105971,288678,44792,25510,140111,65271,41868,79294,217816,15512,11165,55350,120942,32357,22124,15.1,30.6,24.0,44.5,321,185,55
2023-11-07,1966.8,gc_futuro,484347,261653,95437,66559,110651,296742,45484,25609,140609,62374,44562,82014,223122,18150,10487,55470,121044,33063,21997,14.7,31.6,23.4,45.0,310,179,59
2023-11-14,1961.8,gc_futuro,486634,254352,98976,76145,110728,287747,45409,23766,132924,68609,46638,83706,217660,14846,12176,55241,121428,30367,29507,14.2,31.1,23.2,44.0,317,182,57
2023-11-21,1999.3,gc_futuro,508429,269701,97996,78832,115937,306172,43959,25429,144381,65246,42144,80946,225272,20910,14081,59990,125320,32750,36688,13.7,28.7,22.4,41.8,327,186,61
2023-11-28,2039.7,gc_futuro,505658,289845,89761,54567,115596,334188,45650,27142,169695,54802,28942,76804,244788,24459,14333,64941,120150,34959,25625,13.5,30.8,22.3,44.7,329,192,62
2023-12-05,2018.5,gc_futuro,487469,288840,85296,47953,103193,330138,47483,24082,159907,50520,27391,76376,253627,14186,12631,62325,128933,34776,20562,14.8,33.6,23.7,48.5,331,190,66
2023-12-12,1977.8,gc_futuro,469939,273536,85303,44236,105710,318518,46457,21882,149634,54106,28531,76081,243774,16209,13420,58535,123902,31197,15705,15.1,33.0,24.1,48.3,321,190,58
2023-12-19,2038.4,gc_futuro,481203,280972,79633,46653,105559,332617,48019,22300,155697,47421,28885,75017,254059,17706,12836,60852,125275,32212,17768,14.2,31.9,23.0,47.9,316,187,53
2023-12-26,2058.2,gc_futuro,491343,289843,82125,47513,105951,338296,48036,23409,152801,46347,30180,74400,261732,18308,13243,58256,137042,35778,17333,13.9,31.3,22.4,46.7,319,185,62
2024-01-02,2064.4,gc_futuro,500364,290706,83057,51654,108804,344282,49200,21371,154384,45235,33238,76117,269894,19013,13674,55375,136322,37822,18416,13.8,31.6,22.2,46.5,319,179,66
2024-01-09,2026.4,gc_futuro,489849,271665,83051,61121,106489,324190,50574,21487,134333,45874,35868,78213,250913,16327,11949,56950,137332,37177,25253,14.2,32.1,22.7,47.3,309,174,68
2024-01-16,2026.0,gc_futuro,489334,262360,82467,68047,109287,316707,49640,22113,130931,47702,41913,75791,242657,20632,12864,53418,131429,34765,26134,14.1,31.5,22.4,46.0,308,169,69
2024-01-23,2023.7,gc_futuro,465872,241100,71626,66034,113094,305187,45644,23025,111298,50265,40521,78535,231679,20835,13724,52673,129802,21361,25513,14.8,31.8,23.5,46.8,302,165,67
2024-01-30,2031.5,gc_futuro,430328,219222,71431,48217,117525,288043,45364,22637,108093,52069,33205,77882,214041,24371,15272,49631,111129,19362,15012,13.4,30.8,22.9,46.1,300,169,62
2024-02-06,2034.5,gc_futuro,419121,228623,66885,44291,104344,284585,41863,23360,114316,46247,31466,77734,221357,12325,14285,50903,114307,20638,12825,13.9,31.7,24.0,49.0,305,172,64
2024-02-13,1992.9,gc_futuro,420812,217505,86337,49550,109529,262509,44228,22416,100642,66466,36698,78854,199591,14787,15888,48131,116863,19871,12852,13.5,29.0,23.1,44.8,309,159,79
2024-02-20,2027.5,gc_futuro,407063,211034,70772,47764,106419,265830,41846,22697,98840,48917,35670,77980,198940,17825,10614,49065,112194,21855,12094,14.2,29.9,23.6,46.4,308,169,73
2024-02-27,2034.0,gc_futuro,411195,214948,73312,48872,108432,266784,38943,22227,103885,47732,36277,78743,197423,18311,11378,51050,111063,25580,12595,14.0,27.9,23.8,43.8,320,170,79
2024-03-05,2133.5,gc_futuro,471616,264148,72855,58663,104023,310815,44782,29283,145106,35343,38504,77009,234914,15364,11650,60537,119042,37512,20159,12.9,28.0,21.9,42.8,342,182,87
2024-03-12,2160.4,gc_futuro,516057,283062,81460,55571,129432,347705,47992,31321,173994,32911,39000,75076,244909,23885,30471,78911,109068,48549,16571,12.3,28.2,20.8,41.0,342,184,85
2024-03-19,2156.3,gc_futuro,535047,278732,77130,69082,138102,355632,49131,33203,172588,29692,49801,77067,245387,28899,32136,81346,106144,47438,19281,12.2,28.5,20.4,40.7,340,176,88
2024-03-26,2175.6,gc_futuro,503642,265647,66353,48217,141774,360114,48004,28958,163006,27211,33140,80421,251256,28588,32765,80270,102641,39142,15077,12.6,31.4,21.4,45.1,332,186,69
2024-04-02,2261.0,gc_futuro,500045,281399,74149,42601,127114,352828,48931,30467,173073,25993,30153,80217,261044,14662,32235,77122,108326,48156,12448,13.2,30.6,22.4,45.5,348,188,84
2024-04-09,2343.5,gc_futuro,505214,279799,77380,45762,128094,352676,51559,29396,174617,32885,29589,79228,261784,14675,34191,76217,105182,44495,16173,13.6,30.6,22.5,45.5,335,177,80
2024-04-16,2390.8,gc_futuro,517193,278777,76854,55487,132684,355442,50245,29410,169910,35174,37065,78012,266867,16875,37797,71700,108867,41680,18422,13.5,30.2,21.3,44.6,340,186,77
2024-04-23,2327.7,gc_futuro,516249,279535,76644,58717,129083,355955,48914,24933,176400,34261,44015,75873,270152,15293,37917,70510,103135,42383,14702,13.7,30.7,21.8,45.0,334,188,68
2024-04-30,2291.4,gc_futuro,519791,278850,74640,63742,126925,354423,50274,26986,171853,36826,48645,73085,269856,15923,37917,68644,106997,37814,15097,14.2,30.1,22.0,44.2,326,189,66
2024-05-07,2315.2,gc_futuro,529835,272144,72577,78091,124899,352165,54701,27002,164780,38681,56799,73131,268227,16280,35488,67658,107364,33896,21292,13.8,30.4,21.3,43.9,327,183,73
2024-05-14,2353.4,gc_futuro,522952,277642,73146,59094,133583,365693,52633,25019,171868,41433,36357,75210,277761,22927,35446,65005,105774,31713,22737,14.3,31.2,22.0,45.1,338,194,71
2024-05-21,2421.7,gc_futuro,530591,300729,70923,56084,118514,377177,55264,26407,190605,42082,35310,76171,297864,21853,20490,57460,110124,28841,20774,14.4,32.7,22.2,47.4,333,193,64
2024-05-28,2355.2,gc_futuro,485430,286737,50152,37984,109181,370131,51528,27163,174444,25616,24917,69148,289454,21491,18542,59186,112293,24536,13067,15.5,35.0,24.3,50.6,316,187,63
2024-06-04,2325.5,gc_futuro,447488,284566,47264,29697,83418,349349,49807,21178,172560,20261,17978,56738,282783,10718,15962,55848,112006,27003,11719,17.0,40.4,25.8,56.2,311,183,63
2024-06-11,2307.5,gc_futuro,436857,276769,42843,27603,82174,342685,50311,23726,168424,15459,15958,55474,275178,10778,15922,56729,108345,27384,11645,17.7,40.5,26.6,56.6,294,170,62
2024-06-18,2330.4,gc_futuro,444345,287147,44063,26099,83440,351170,47659,23013,177639,17018,15366,55910,281082,12500,15030,57588,109508,27045,10733,17.8,39.9,26.8,56.1,308,182,57
2024-06-25,2316.6,gc_futuro,452190,284885,38656,32318,86551,358039,48436,23177,174756,16554,17574,58751,287636,12199,15601,58204,110129,22102,14744,17.5,40.3,26.5,56.4,300,180,53
2024-07-02,2323.0,gc_futuro,454730,280117,38574,40014,86905,351704,47694,24438,167688,16873,22299,59925,279979,12556,14424,59169,112429,21701,17715,16.9,39.2,25.6,54.8,306,188,49
2024-07-09,2360.1,gc_futuro,516324,303043,48268,69751,92907,373536,50623,24769,181982,24515,42934,62183,290421,16693,14031,66422,121061,23753,26817,15.2,35.7,23.3,49.7,321,197,52
2024-07-16,2462.4,gc_futuro,579862,349827,64803,66180,110041,419345,53814,29534,216502,31970,31300,62675,311661,23577,23789,84107,133325,32833,34880,14.2,33.5,23.2,46.7,343,205,66
2024-07-23,2404.6,gc_futuro,572306,341600,68526,74764,102237,403162,53705,25854,197802,34942,41039,58598,305308,27954,15685,69900,143798,33584,33725,14.3,34.3,23.0,48.2,332,198,64
2024-07-30,2405.0,gc_futuro,510914,313364,66763,48604,99015,371872,49931,23675,185586,33222,22563,55083,283175,24019,19913,64678,127778,33541,26041,16.5,36.9,24.7,51.0,319,190,60
2024-08-06,2389.1,gc_futuro,480645,298119,59370,42879,88442,357476,51205,20920,180303,29517,21094,56985,278874,14820,16637,63782,117816,29853,21785,17.5,42.0,26.5,55.9,306,165,74
2024-08-13,2466.7,gc_futuro,505872,328769,61505,38402,88313,380815,50388,25150,203844,25929,19009,54827,294394,16769,16717,69652,124925,35576,19393,16.8,40.0,25.3,53.9,329,186,75
2024-08-20,2511.3,gc_futuro,532867,355551,64298,38166,86232,402738,52918,27665,222142,28837,19236,53461,305972,17202,15569,79564,133409,35461,18930,16.6,38.8,25.1,53.9,341,200,70
2024-08-27,2516.0,gc_futuro,521759,343330,48885,38638,85102,407421,54689,26815,217976,17685,21993,52822,306757,21566,10714,79098,125354,31200,16645,16.9,41.1,25.0,56.7,324,192,62
2024-09-03,2489.9,gc_futuro,511136,339157,51599,40365,80416,392303,51198,26869,212086,19996,20378,55089,297347,13486,11841,81470,127071,31603,19987,17.6,42.5,26.2,57.6,313,180,65
2024-09-10,2512.3,gc_futuro,511501,340006,57505,42326,78232,385131,50937,26539,213645,23190,20876,52865,284390,12799,12568,87942,126361,34315,21450,18.2,40.8,25.9,55.4,318,183,67
2024-09-17,2564.3,gc_futuro,537627,369734,59668,40270,74647,409774,52976,27915,241844,25489,21035,45549,303089,16435,12663,90250,127890,34179,19235,18.2,39.1,26.6,54.3,326,191,67
2024-09-24,2651.2,gc_futuro,564640,387572,72182,46911,76713,416419,53444,29128,256435,37406,20681,45705,305381,17491,13517,93547,131137,34776,26230,18.2,36.6,26.6,51.3,336,195,70
2024-10-01,2667.3,gc_futuro,533107,370051,70120,42766,67099,394623,53191,25598,247867,33405,18204,42840,295138,12039,12220,87446,122184,36715,24562,19.4,37.1,27.8,50.9,324,182,71
2024-10-08,2615.0,gc_futuro,520316,348891,70711,51028,68957,372933,51440,25644,227596,33537,23430,44853,277678,11274,12830,83981,121295,37174,27598,20.2,36.8,28.1,50.1,318,179,69
2024-10-15,2661.4,gc_futuro,541232,357494,71060,63220,70028,382686,50490,24266,233871,34450,35343,43311,281271,13629,13088,87786,123623,36610,27877,19.5,35.0,27.4,48.3,328,187,72
2024-10-22,2744.2,gc_futuro,573760,371813,75609,81488,66245,390946,54214,25717,242427,37267,52677,39452,282058,13851,12942,95037,129386,38342,28811,17.6,33.5,26.1,45.5,344,197,74
2024-10-29,2768.4,gc_futuro,579468,366636,87983,90465,68935,372606,53432,28414,234856,39683,64343,40174,269225,16382,12379,86999,131780,48300,26122,17.0,29.9,25.4,41.9,334,191,74
2024-11-05,2740.3,gc_futuro,558034,336816,81487,95294,73287,356346,52637,24907,219687,36684,69684,39763,253459,20458,13066,82429,117129,44803,25610,17.3,31.2,25.7,43.3,311,180,63
2024-11-12,2600.0,gc_futuro,535981,316225,79774,87571,75347,340929,56838,27707,203661,38365,62058,36733,234859,25403,13211,80667,112564,41409,25513,18.1,30.5,26.3,44.0,312,181,66
2024-11-19,2627.1,gc_futuro,502952,309354,74987,67718,73459,335781,52421,24466,193355,38181,46147,34758,226763,24914,13787,84104,115999,36806,21571,19.2,33.0,27.5,47.5,298,172,57
2024-11-26,2620.3,gc_futuro,472660,303401,53063,50308,72377,344897,46574,24392,203596,24306,29011,32845,238285,25223,14309,81389,99805,28757,21297,20.8,37.4,28.5,50.3,297,168,57
2024-12-03,2644.7,gc_futuro,462040,307611,47875,42841,63251,349526,48337,21798,203580,22845,28552,32964,256898,19320,10967,73308,104031,25030,14289,21.0,41.1,29.5,55.6,301,172,58
2024-12-10,2697.6,gc_futuro,483346,324332,48746,46541,66025,362896,46448,25163,218482,22404,32041,33312,263738,21509,11204,77649,105850,26342,14500,20.2,39.2,28.6,53.8,314,178,64
2024-12-17,2644.4,gc_futuro,466571,302978,40937,54193,61012,346245,48388,25196,201880,18378,39928,32522,245300,18519,9971,82426,101098,22559,14265,20.8,38.4,28.8,51.9,282,167,52
2024-12-24,2620.0,gc_futuro,454646,289416,41787,59281,58136,331472,47813,22106,186099,20602,40060,31583,230130,17355,9198,83987,103317,21185,19221,19.8,37.3,27.7,50.5,278,163,54
2024-12-31,2629.2,gc_futuro,458584,282907,35628,67921,60399,331695,47357,23340,182128,15959,47970,31829,229764,18587,9983,83344,100779,19669,19951,19.4,37.2,26.9,50.1,265,157,49
2025-01-07,2656.7,gc_futuro,477043,291721,36810,75074,62674,341320,47574,23839,191873,14232,54656,32687,240366,19850,10137,81104,99848,22578,20418,18.8,37.3,26.0,49.9,292,177,49
2025-01-14,2677.5,gc_futuro,526467,312568,33205,73574,92075,394527,48250,25161,206968,11346,49132,30150,258615,40882,21043,95030,105600,21859,24442,16.8,36.3,24.6,47.9,293,177,53
2025-01-21,2755.0,gc_futuro,571387,337289,36505,88344,95116,421724,50638,24814,226964,11095,62339,30427,276429,44578,20111,100717,110325,25410,26005,15.9,34.7,23.3,45.8,307,182,60
2025-01-28,2766.8,gc_futuro,577505,338371,38962,79876,110034,433756,49224,24911,227871,17331,59089,29725,272549,60777,19532,100430,110500,21631,20787,15.7,32.1,23.4,43.7,293,178,51
2025-02-04,2853.3,gc_futuro,542004,356500,53992,61604,74378,402553,49522,23855,240485,30952,42711,21824,286555,33508,19046,82490,116015,23040,18893,16.6,32.4,25.2,46.8,314,187,59
2025-02-11,2912.5,gc_futuro,528719,343766,59262,62822,72622,382510,49509,24125,229071,34268,42346,19501,268488,32186,20935,81836,114695,24994,20476,16.8,28.4,25.4,44.1,309,177,65
2025-02-18,2931.6,gc_futuro,522330,334043,65369,65012,72393,368464,50882,23485,222538,37209,42964,16566,252218,33651,22176,82595,111505,28160,22048,16.2,28.2,24.7,42.6,312,177,66
2025-02-25,2904.5,gc_futuro,512179,316948,55323,74632,71796,359896,48803,22328,212694,32882,51509,14682,242292,33107,24007,84497,104254,22441,23123,16.2,27.6,24.8,41.7,303,177,61
2025-03-04,2909.6,gc_futuro,489270,303132,59871,70823,65713,336828,49602,21748,204965,38307,46726,16574,229110,24258,24881,83460,98167,21564,24097,16.8,28.7,25.6,42.8,294,179,53
2025-03-11,2912.9,gc_futuro,511276,296172,60072,76812,84545,349733,53747,24659,204907,37331,53419,18459,226388,41287,24799,82058,91265,22741,23393,16.1,26.4,24.2,39.8,303,184,53
2025-03-18,3035.1,gc_futuro,533566,321654,63722,67522,91549,376717,52841,25605,220879,37045,45785,16899,237687,50769,23881,88261,100775,26677,21737,15.3,26.2,22.4,39.8,325,202,58
2025-03-25,3023.7,gc_futuro,511482,316572,66776,55220,86838,365436,52852,24050,213505,38773,33445,16248,232089,55908,14682,77439,103067,28003,21775,15.6,27.7,22.8,40.7,320,195,59
2025-04-01,3118.9,gc_futuro,498746,327936,89502,51247,68875,333936,50688,24061,204833,62834,36509,24256,227002,33081,11538,73853,123103,26668,14738,14.8,25.9,23.2,41.9,325,198,64
2025-04-08,2968.4,gc_futuro,445468,269833,69118,55935,69214,301397,50486,19018,175393,44407,43964,27128,206664,27999,14087,66734,94440,24711,11971,16.4,27.8,24.4,44.9,311,189,54
2025-04-15,3218.7,gc_futuro,456628,271707,69497,63004,70568,302480,51349,21647,168400,43546,46311,29121,209428,27233,14214,65819,103307,25951,16693,15.3,27.6,23.8,44.0,321,198,48
2025-04-22,3400.8,gc_futuro,465351,258896,83518,64423,91128,293396,50904,24014,166360,45458,52096,37696,194654,35322,18110,63420,92536,38060,12327,15.6,25.2,23.9,40.9,333,196,64
2025-04-29,3318.8,gc_futuro,451868,240377,77059,68029,92787,283548,50675,23232,150715,44820,51214,34475,180162,40598,17714,62788,89662,32239,16815,14.9,25.0,23.1,40.3,315,184,61
2025-05-06,3411.4,gc_futuro,452414,237445,74948,75093,87244,279347,52632,23026,144383,42292,56650,37106,183924,32433,17705,62990,93062,32656,18443,14.8,26.4,23.1,40.3,333,191,68
2025-05-13,3240.3,gc_futuro,440842,238191,76982,62669,88412,279619,51570,21572,144410,43183,41375,33350,183024,37411,17651,59184,93781,33799,21294,15.7,26.9,24.2,40.5,316,184,65
2025-05-20,3280.3,gc_futuro,448000,238062,74081,65629,90256,287904,54053,20386,149149,41520,47513,34444,193275,35610,20202,59019,88913,32561,18116,16.0,27.1,24.5,40.2,306,180,62
2025-05-27,3299.1,gc_futuro,437538,234087,59903,59401,87509,295096,56541,23138,147502,36686,46314,39356,200751,32218,15935,62127,86585,23217,13087,16.6,27.7,25.4,40.8,294,174,50
2025-06-03,3350.2,gc_futuro,415941,246982,59077,46058,70905,291731,51996,19075,159966,36384,33129,40187,212905,16399,14319,62427,87016,22693,12929,17.6,31.0,27.1,47.9,318,195,52
2025-06-10,3320.9,gc_futuro,417143,245995,58514,48708,68432,291150,54008,18771,160680,36589,33843,38867,212220,16184,13381,62746,85315,21925,14865,17.5,30.6,27.4,47.6,314,191,53
2025-06-17,3386.6,gc_futuro,441214,260586,59938,53104,71684,309411,55840,18761,167646,37135,38611,40135,224900,20483,11066,64028,92940,22803,14493,16.8,30.5,26.2,47.9,322,202,50
2025-06-24,3317.4,gc_futuro,434958,256077,61073,50549,73323,303883,55009,19453,163829,38701,36953,40583,220728,20421,12319,62734,92248,22372,13596,17.3,30.4,27.0,47.7,310,185,54
2025-07-01,3336.7,gc_futuro,437662,258631,56651,56887,68820,304889,53324,19235,165086,34726,39920,37260,223916,19555,12005,61418,93545,21925,16967,17.4,30.3,26.4,47.3,303,183,51
2025-07-08,3307.0,gc_futuro,443144,261685,58717,53293,71875,310229,56291,20905,164685,35743,36388,35359,226901,22901,13615,60427,97000,22974,16905,17.6,30.4,26.3,47.2,299,182,51
2025-07-15,3329.8,gc_futuro,448531,270227,57112,45339,75989,326677,56976,19403,172657,35930,22625,33649,237601,27624,14716,61452,97570,21182,22714,17.3,31.0,25.9,48.5,305,189,49
2025-07-22,3439.2,gc_futuro,489423,311949,58911,46696,76726,359063,54052,24753,194753,34819,25271,33299,264274,32220,11207,62569,117196,24092,21425,17.5,29.8,26.4,47.4,337,203,58
2025-07-29,3323.4,gc_futuro,445259,281241,57645,31709,79093,338172,53216,17733,170918,36662,20422,39149,250058,27650,12294,60464,110323,20983,11287,19.4,31.9,29.5,50.8,300,181,46
2025-08-05,3381.9,gc_futuro,449647,292194,55144,30781,74075,344221,52597,19501,186304,32317,19305,36874,273003,15441,21760,55777,105890,22827,11476,19.7,34.4,30.8,55.0,312,191,47
2025-08-12,3348.9,gc_futuro,446152,288115,58630,40954,63427,326492,53656,20076,182337,34050,28754,35951,259266,18152,9324,49074,105778,24580,12200,19.8,29.6,30.1,49.3,318,198,50
2025-08-19,3313.4,gc_futuro,438541,275277,62687,40496,66670,316635,56098,18723,173388,36003,28778,39607,249567,17674,9389,49394,101889,26684,11718,19.8,30.1,30.2,49.1,318,193,60
2025-08-26,3388.6,gc_futuro,443760,275767,61456,38373,72908,323873,56712,20058,175494,33577,28754,45622,254259,17666,9620,51948,100273,27879,9619,19.1,29.1,28.7,48.3,316,187,58
2025-09-02,3549.4,gc_futuro,492908,315796,66266,46558,73919,347817,56635,32267,196127,34625,29736,47568,266164,18142,8209,63511,119669,31641,16822,17.0,27.7,26.2,46.1,360,212,73
2025-09-09,3643.3,gc_futuro,509625,324875,63135,51910,73850,347225,58990,47355,198907,35388,29530,48287,259108,15699,9864,72418,125968,27747,22380,16.2,28.3,25.8,45.5,348,211,64
2025-09-16,3688.9,gc_futuro,516221,326778,60368,50704,77867,380238,60872,24911,195347,36376,31147,46465,283452,20410,10992,76376,131431,23992,19557,15.6,29.6,25.0,48.6,350,211,63
2025-09-23,3780.6,gc_futuro,528789,332808,66059,55327,82971,381374,57683,26029,198826,38277,32516,49618,280869,21502,11851,79003,133982,27782,22811,15.2,29.2,25.1,47.4,359,213,70
2025-09-30,3840.8,gc_futuro,493748,318804,65896,48548,68872,357108,57524,22196,184199,38972,31094,41038,263877,17402,10432,75829,134605,26924,17454,14.8,31.6,25.3,48.7,351,212,66
2025-10-07,3976.6,gc_futuro,485559,300798,68842,50588,77599,341371,56574,24758,170587,40828,30826,45558,243978,19872,12169,77521,130211,28014,19762,14.7,31.0,25.0,46.4,353,211,69
2025-10-14,4138.7,gc_futuro,485788,278405,74489,56097,92027,328894,59259,26308,152187,43877,31615,51318,226728,26615,14094,75551,126218,30612,24482,15.1,29.1,24.9,43.9,335,203,63
2025-10-21,4087.7,gc_futuro,472421,253851,77242,54802,107847,317964,55921,22413,135503,43276,31407,56832,209171,37091,13924,71702,118348,33966,23395,15.6,29.4,25.4,42.0,334,185,76
2025-10-28,3966.2,gc_futuro,457122,266308,61644,48419,89653,326680,52742,20379,138605,34446,28260,48310,227143,28940,12403,70597,127703,27198,20159,15.2,30.1,24.7,44.8,325,193,59
2025-11-04,3947.7,gc_futuro,450399,256572,54265,51811,88355,324897,53661,19426,130688,30143,26897,47195,224286,31355,9805,69256,125884,24122,24914,15.3,30.5,24.8,44.9,312,184,55
2025-11-10,4111.8,gc_futuro,459997,265916,58847,50263,87076,331899,56742,18988,134155,30068,19999,43176,229253,34025,9875,68621,131761,28779,30264,14.7,30.1,23.8,44.6,317,191,52
2025-11-18,4061.3,gc_futuro,471953,269556,59217,51157,97001,342586,54239,18993,130222,32017,22560,44947,231635,41993,10061,68958,139334,27200,28597,14.4,29.6,23.4,44.2,323,198,50
2025-11-25,4139.2,gc_futuro,432946,253266,48678,43250,82657,324060,53773,16958,136979,27670,25169,39044,233755,33663,9950,56642,116287,21008,18081,14.9,31.8,25.1,46.7,301,192,44
2025-12-02,4186.6,gc_futuro,418490,261331,43771,41200,60147,315495,55812,18024,140143,19819,26484,33860,240501,16193,10094,58801,121188,23952,14716,15.5,34.3,25.9,49.7,306,200,42
2025-12-09,4206.7,gc_futuro,432569,268485,44599,44892,63707,326286,55485,16792,143383,19835,30462,34556,247742,18688,10463,59856,125102,24764,14430,14.9,34.1,25.2,49.3,317,206,42
2025-12-16,4304.5,gc_futuro,471093,280920,46942,56723,74655,349013,58795,18415,152873,20277,35394,31970,262079,26628,16057,60306,128047,26665,21329,13.8,32.3,23.6,48.2,333,209,55
2025-12-23,4482.8,gc_futuro,492103,290161,49461,63839,75835,359361,62268,19442,160581,24311,40061,30143,262385,28534,17158,68442,129580,25150,23778,12.4,33.0,21.5,48.3,320,201,53
2025-12-30,4370.1,gc_futuro,481866,275592,44419,63803,82254,357500,60217,16144,148642,22602,44374,37010,257775,32286,12958,67439,126950,21817,19429,12.5,33.5,21.9,48.7,304,187,50
2026-01-06,4482.2,gc_futuro,488116,274435,46803,73345,80218,352253,60118,15715,146445,23232,50263,37456,258949,29308,13454,63996,127990,23571,23082,12.5,32.3,21.8,47.7,310,194,52
2026-01-13,4589.2,gc_futuro,527455,296183,44945,81670,83382,380488,66220,20352,158825,24080,48947,31166,277107,38218,13998,65163,137358,20865,32723,11.4,31.3,20.1,47.4,325,205,51
2026-01-20,4759.6,gc_futuro,528004,295772,51002,84227,85869,375558,62136,17217,163668,26224,53444,29522,276922,37616,18731,61020,132104,24778,30783,11.4,31.5,20.3,47.1,330,213,50
2026-01-27,5079.9,gc_futuro,488463,252100,46704,77486,96200,344485,62677,19788,143321,25162,51450,34124,241820,47467,14609,55198,108779,21542,26036,12.0,31.5,21.0,44.6,310,198,46
2026-02-03,4903.7,gc_futuro,409694,214508,48904,50612,87964,295742,56610,14436,118936,26864,37965,40303,223447,33589,14072,38706,95572,22040,12647,13.8,32.7,23.5,46.6,304,189,46
2026-02-10,5003.8,gc_futuro,404391,212808,52796,49929,88738,286476,52916,15190,119232,27210,36381,43244,222537,29757,15737,34182,93576,25586,13548,14.2,32.9,23.5,45.9,290,172,49
2026-02-17,4882.9,gc_futuro,407078,213432,53517,53588,88237,285019,51821,14954,123011,27118,37310,41702,217086,32892,13643,35041,90421,26399,16278,13.8,31.5,22.8,44.8,298,170,59
2026-02-24,5155.8,gc_futuro,420182,211649,52472,54563,86198,287004,67772,26143,121233,25259,38830,38848,219836,32550,14800,34618,90416,27213,15733,13.5,31.1,21.7,43.8,292,176,47
2026-03-03,5107.4,gc_futuro,409789,213752,53607,56077,84834,285417,55126,14688,123456,25539,39060,39360,219152,30255,15219,36010,90296,28068,17017,14.0,32.6,22.8,45.7,283,166,49
2026-03-10,5229.7,gc_futuro,413956,215445,52313,59807,85280,288256,53424,13580,125077,26678,41989,38318,221598,32136,14826,34522,90368,25635,17818,14.8,32.6,23.0,45.0,290,171,50
2026-03-17,5001.0,gc_futuro,411388,215961,56092,56330,86184,284832,52913,14134,130147,28104,42138,36975,217789,33330,15879,33713,85814,27988,14192,15.6,31.6,23.9,43.0,301,176,55
2026-03-24,4399.3,gc_futuro,403925,220861,52534,56794,76997,280825,49273,13772,119562,27941,43825,36069,217681,28167,12761,34977,101299,24593,12969,17.1,31.0,26.0,42.9,288,172,50
2026-03-31,4647.6,gc_futuro,361409,207602,44400,44493,58697,260337,50617,12179,120092,27278,35316,30201,211931,17517,10979,30889,87510,17122,9177,18.0,35.0,26.9,46.7,259,165,32
2026-04-07,4657.1,gc_futuro,354877,205368,49063,42663,57729,251480,49117,11671,120726,30694,32688,30165,204620,15851,11713,31009,84642,18369,9975,18.0,34.4,26.5,46.6,266,168,37
2026-04-14,4825.0,gc_futuro,362274,210009,47483,44940,55757,256839,51568,13012,125422,30281,33190,28289,210841,14317,13151,31681,84587,17202,11750,17.6,34.6,25.3,46.6,277,179,34
2026-04-21,4698.4,gc_futuro,365842,212893,48887,44465,56261,259201,52223,13289,123681,30705,33896,28115,210637,15513,12633,33051,89212,18182,10569,17.7,34.1,25.3,46.0,282,178,39
2026-04-28,4591.5,gc_futuro,369530,211818,52247,47879,60553,255366,49280,14038,122257,32505,35404,28032,202653,19536,12985,33177,89561,19742,12475,17.6,33.4,25.6,45.1,277,167,43
2026-05-05,4555.8,gc_futuro,367932,211814,48511,48636,58230,257165,49252,13620,123353,29099,37353,27319,207142,18013,12898,32010,88461,19412,11283,18.1,33.9,26.3,46.1,276,168,46
2026-05-12,4677.6,gc_futuro,376496,219793,48171,49027,57725,267983,49951,11315,127242,29227,36664,25671,215727,20617,11437,31639,92551,18944,12363,17.1,34.5,25.0,46.5,278,174,42
2026-05-19,4506.3,gc_futuro,379325,211018,51185,51705,69520,261149,47082,15286,122894,29354,38714,28950,202665,25770,14800,32714,88124,21831,12991,16.8,32.7,25.0,43.6,282,169,46
2026-05-26,4500.4,gc_futuro,353489,200704,46444,30995,74641,260407,47149,15643,124277,26831,20369,29033,195289,33022,12586,32096,76427,19613,10626,18.3,34.9,26.6,45.8,253,158,34
2026-06-02,4489.1,gc_futuro,326052,206096,30076,22449,53851,260196,43656,13331,129367,17188,12456,27505,213696,16071,10275,30429,76729,12888,9993,20.0,38.9,29.0,53.6,258,153,42
2026-06-09,4260.0,gc_futuro,332709,207984,34147,22848,58986,260022,42891,15692,126280,20417,13173,28443,210179,19710,10833,30133,81704,13730,9675,19.6,37.9,28.4,52.1,271,150,52
2026-06-16,4330.9,gc_futuro,339330,211127,30907,26017,58220,265783,43966,16623,128043,14322,13259,29455,219971,16574,12191,29238,83084,16585,12758,19.6,37.2,27.6,53.2,285,165,52
2026-06-23,4129.9,gc_futuro,352167,217028,35689,31295,64579,269983,39265,15200,131102,15707,15170,27738,223806,21002,15839,25175,85926,19982,16125,20.2,35.5,28.4,51.1,282,152,61
2026-06-30,4022.9,gc_futuro,369541,229619,35600,31769,59118,280188,49035,21984,134577,14486,16929,25821,229845,18136,15161,32207,95042,21114,14840,21.0,35.5,28.4,52.8,267,146,52
2026-07-07,4145.3,gc_futuro,371776,233713,39467,32863,59564,281846,45636,17600,134941,18780,17256,25445,226741,19837,14282,35268,98772,20687,15607,20.5,36.1,28.2,53.5,279,157,56
2026-07-14,4061.1,gc_futuro,383689,227310,40628,32321,79639,294427,44419,16313,136905,16126,18475,25177,220816,38622,15840,34989,90405,24502,13846,20.0,34.6,27.6,50.4,265,148,51
2026-07-21,4071.1,gc_futuro,383368,224785,40875,31983,80457,293656,46143,16854,141487,16656,17872,24959,218837,39937,15561,34882,83298,24219,14111,21.0,34.6,28.9,50.1,264,144,55
2026-07-28,4036.3,gc_futuro,384603,219622,37552,28137,75460,287769,61384,31145,135093,15298,18384,23661,215421,36432,15367,35916,84529,22254,9753,19.6,34.5,27.1,49.9,256,139,50
2026-08-04,4095.4,gc_futuro,371551,227013,29379,28175,71832,298323,44531,15674,139809,9043,17502,20753,228388,35341,15738,34594,87204,20336,10673,20.6,37.7,28.1,54.9,265,154,43
